"train/global_step","glad-glitter-9 - train/loss","glad-glitter-9 - train/loss__MIN","glad-glitter-9 - train/loss__MAX","glad-glitter-9 - _step","glad-glitter-9 - _step__MIN","glad-glitter-9 - _step__MAX","sleek-moon-7 - train/loss","sleek-moon-7 - train/loss__MIN","sleek-moon-7 - train/loss__MAX","sleek-moon-7 - _step","sleek-moon-7 - _step__MIN","sleek-moon-7 - _step__MAX","magic-universe-6 - train/loss","magic-universe-6 - train/loss__MIN","magic-universe-6 - train/loss__MAX","magic-universe-6 - _step","magic-universe-6 - _step__MIN","magic-universe-6 - _step__MAX","visionary-oath-5 - train/loss","visionary-oath-5 - train/loss__MIN","visionary-oath-5 - train/loss__MAX","visionary-oath-5 - _step","visionary-oath-5 - _step__MIN","visionary-oath-5 - _step__MAX"
"1","","","","","","","","","","","","","3.228025197982788","3.228025197982788","3.228025197982788","1","1","1","3.4259908199310303","3.4259908199310303","3.4259908199310303","1","1","1"
"10","","","","","","","","","","","","","3.4520674811469183","3.4520674811469183","3.4520674811469183","3","3","3","3.5270453559027777","3.5270453559027777","3.5270453559027777","3","3","3"
"20","","","","","","","","","","","","","3.460194396972656","3.460194396972656","3.460194396972656","5","5","5","3.4609294891357423","3.4609294891357423","3.4609294891357423","5","5","5"
"30","","","","","","","","","","","","","3.4929889678955077","3.4929889678955077","3.4929889678955077","7","7","7","3.4511234283447267","3.4511234283447267","3.4511234283447267","7","7","7"
"40","","","","","","","","","","","","","3.4212486267089846","3.4212486267089846","3.4212486267089846","9","9","9","3.5368927001953123","3.5368927001953123","3.5368927001953123","9","9","9"
"50","","","","","","","","","","","","","3.3817596435546875","3.3817596435546875","3.3817596435546875","11","11","11","3.480731964111328","3.480731964111328","3.480731964111328","11","11","11"
"60","","","","","","","","","","","","","3.372353744506836","3.372353744506836","3.372353744506836","13","13","13","3.3546688079833986","3.3546688079833986","3.3546688079833986","13","13","13"
"70","","","","","","","","","","","","","3.3919910430908202","3.3919910430908202","3.3919910430908202","15","15","15","3.4017993927001955","3.4017993927001955","3.4017993927001955","15","15","15"
"80","","","","","","","","","","","","","3.3869709014892577","3.3869709014892577","3.3869709014892577","17","17","17","3.363974380493164","3.363974380493164","3.363974380493164","17","17","17"
"90","","","","","","","","","","","","","3.285662078857422","3.285662078857422","3.285662078857422","19","19","19","3.2805309295654297","3.2805309295654297","3.2805309295654297","19","19","19"
"100","","","","","","","","","","","","","3.4314998626708983","3.4314998626708983","3.4314998626708983","21","21","21","3.3460128784179686","3.3460128784179686","3.3460128784179686","21","21","21"
"110","","","","","","","","","","","","","3.3517478942871093","3.3517478942871093","3.3517478942871093","23","23","23","3.347545623779297","3.347545623779297","3.347545623779297","23","23","23"
"120","","","","","","","","","","","","","3.3723350524902345","3.3723350524902345","3.3723350524902345","25","25","25","3.411549758911133","3.411549758911133","3.411549758911133","25","25","25"
"130","","","","","","","","","","","","","3.2772750854492188","3.2772750854492188","3.2772750854492188","27","27","27","3.3472274780273437","3.3472274780273437","3.3472274780273437","27","27","27"
"140","","","","","","","","","","","","","3.343951416015625","3.343951416015625","3.343951416015625","29","29","29","3.3056877136230467","3.3056877136230467","3.3056877136230467","29","29","29"
"150","","","","","","","","","","","","","3.266595458984375","3.266595458984375","3.266595458984375","31","31","31","3.313578796386719","3.313578796386719","3.313578796386719","31","31","31"
"160","","","","","","","","","","","","","3.273466873168945","3.273466873168945","3.273466873168945","33","33","33","3.218653106689453","3.218653106689453","3.218653106689453","33","33","33"
"170","","","","","","","","","","","","","3.258340835571289","3.258340835571289","3.258340835571289","35","35","35","3.2682926177978517","3.2682926177978517","3.2682926177978517","35","35","35"
"180","","","","","","","","","","","","","3.2774124145507812","3.2774124145507812","3.2774124145507812","37","37","37","3.267020034790039","3.267020034790039","3.267020034790039","37","37","37"
"190","","","","","","","","","","","","","3.2795230865478517","3.2795230865478517","3.2795230865478517","39","39","39","3.3110706329345705","3.3110706329345705","3.3110706329345705","39","39","39"
"200","","","","","","","","","","","","","3.2539344787597657","3.2539344787597657","3.2539344787597657","41","41","41","3.261102294921875","3.261102294921875","3.261102294921875","41","41","41"
"210","","","","","","","","","","","","","3.230091094970703","3.230091094970703","3.230091094970703","43","43","43","3.2851398468017576","3.2851398468017576","3.2851398468017576","43","43","43"
"220","","","","","","","","","","","","","3.19457950592041","3.19457950592041","3.19457950592041","45","45","45","3.178984260559082","3.178984260559082","3.178984260559082","45","45","45"
"230","","","","","","","","","","","","","3.1296768188476562","3.1296768188476562","3.1296768188476562","47","47","47","3.358903503417969","3.358903503417969","3.358903503417969","47","47","47"
"240","","","","","","","","","","","","","3.281616973876953","3.281616973876953","3.281616973876953","49","49","49","3.359647750854492","3.359647750854492","3.359647750854492","49","49","49"
"250","","","","","","","","","","","","","3.263492202758789","3.263492202758789","3.263492202758789","51","51","51","3.264921951293945","3.264921951293945","3.264921951293945","51","51","51"
"260","","","","","","","","","","","","","3.2513378143310545","3.2513378143310545","3.2513378143310545","53","53","53","3.2583740234375","3.2583740234375","3.2583740234375","53","53","53"
"270","","","","","","","","","","","","","3.327478790283203","3.327478790283203","3.327478790283203","55","55","55","","","","","",""
"280","","","","","","","","","","","","","3.279798889160156","3.279798889160156","3.279798889160156","57","57","57","","","","","",""
"290","","","","","","","","","","","","","3.227985382080078","3.227985382080078","3.227985382080078","59","59","59","","","","","",""
"300","","","","","","","","","","","","","3.2723392486572265","3.2723392486572265","3.2723392486572265","61","61","61","","","","","",""
"310","","","","","","","","","","","","","3.2183250427246093","3.2183250427246093","3.2183250427246093","63","63","63","","","","","",""
"320","","","","","","","","","","","","","3.2400108337402345","3.2400108337402345","3.2400108337402345","65","65","65","","","","","",""
"330","","","","","","","","","","","","","3.304129791259766","3.304129791259766","3.304129791259766","67","67","67","","","","","",""
"340","","","","","","","","","","","","","3.2697593688964846","3.2697593688964846","3.2697593688964846","69","69","69","","","","","",""
"350","","","","","","","","","","","","","3.2196495056152346","3.2196495056152346","3.2196495056152346","71","71","71","","","","","",""
"360","","","","","","","","","","","","","3.1856361389160157","3.1856361389160157","3.1856361389160157","73","73","73","","","","","",""
"370","","","","","","","","","","","","","3.304094696044922","3.304094696044922","3.304094696044922","75","75","75","","","","","",""
"380","","","","","","","","","","","","","3.2134120941162108","3.2134120941162108","3.2134120941162108","77","77","77","","","","","",""
"390","","","","","","","","","","","","","3.2331756591796874","3.2331756591796874","3.2331756591796874","79","79","79","","","","","",""
"400","","","","","","","","","","","","","3.202976608276367","3.202976608276367","3.202976608276367","81","81","81","","","","","",""
"410","","","","","","","","","","","","","3.2634609222412108","3.2634609222412108","3.2634609222412108","83","83","83","","","","","",""
"420","","","","","","","","","","","","","3.2306453704833986","3.2306453704833986","3.2306453704833986","85","85","85","","","","","",""
"430","","","","","","","","","","","","","3.192137336730957","3.192137336730957","3.192137336730957","87","87","87","","","","","",""
"440","","","","","","","","","","","","","3.200307846069336","3.200307846069336","3.200307846069336","89","89","89","","","","","",""
"450","","","","","","","","","","","","","3.2084964752197265","3.2084964752197265","3.2084964752197265","91","91","91","","","","","",""
"460","","","","","","","","","","","","","3.2873920440673827","3.2873920440673827","3.2873920440673827","93","93","93","","","","","",""
"470","","","","","","","","","","","","","3.183315658569336","3.183315658569336","3.183315658569336","95","95","95","","","","","",""
"480","","","","","","","","","","","","","3.2174896240234374","3.2174896240234374","3.2174896240234374","97","97","97","","","","","",""
"490","","","","","","","","","","","","","3.154165840148926","3.154165840148926","3.154165840148926","99","99","99","","","","","",""
"500","","","","","","","","","","","","","3.2198951721191404","3.2198951721191404","3.2198951721191404","101","101","101","","","","","",""
"510","","","","","","","","","","","","","3.156157684326172","3.156157684326172","3.156157684326172","104","104","104","","","","","",""
"520","","","","","","","","","","","","","3.2864711761474608","3.2864711761474608","3.2864711761474608","106","106","106","","","","","",""
"530","","","","","","","","","","","","","3.185456085205078","3.185456085205078","3.185456085205078","108","108","108","","","","","",""
"540","","","","","","","","","","","","","3.142414093017578","3.142414093017578","3.142414093017578","110","110","110","","","","","",""
"550","","","","","","","","","","","","","3.224211502075195","3.224211502075195","3.224211502075195","112","112","112","","","","","",""
"560","","","","","","","","","","","","","3.2412082672119142","3.2412082672119142","3.2412082672119142","114","114","114","","","","","",""
"570","","","","","","","","","","","","","3.2611129760742186","3.2611129760742186","3.2611129760742186","116","116","116","","","","","",""
"580","","","","","","","","","","","","","3.2765056610107424","3.2765056610107424","3.2765056610107424","118","118","118","","","","","",""
"590","","","","","","","","","","","","","3.167789268493652","3.167789268493652","3.167789268493652","120","120","120","","","","","",""
"600","","","","","","","","","","","","","3.193355941772461","3.193355941772461","3.193355941772461","122","122","122","","","","","",""
"610","","","","","","","","","","","","","3.208603286743164","3.208603286743164","3.208603286743164","124","124","124","","","","","",""
"620","","","","","","","","","","","","","3.2556182861328127","3.2556182861328127","3.2556182861328127","126","126","126","","","","","",""
"630","","","","","","","","","","","","","3.1736602783203125","3.1736602783203125","3.1736602783203125","128","128","128","","","","","",""
"640","","","","","","","","","","","","","3.226607894897461","3.226607894897461","3.226607894897461","130","130","130","","","","","",""
"650","","","","","","","","","","","","","3.240133285522461","3.240133285522461","3.240133285522461","132","132","132","","","","","",""
"660","","","","","","","","","","","","","3.1966854095458985","3.1966854095458985","3.1966854095458985","134","134","134","","","","","",""
"670","","","","","","","","","","","","","3.1724151611328124","3.1724151611328124","3.1724151611328124","136","136","136","","","","","",""
"680","","","","","","","","","","","","","3.241029739379883","3.241029739379883","3.241029739379883","138","138","138","","","","","",""
"690","","","","","","","","","","","","","3.19107666015625","3.19107666015625","3.19107666015625","140","140","140","","","","","",""
"700","","","","","","","","","","","","","3.238327407836914","3.238327407836914","3.238327407836914","142","142","142","","","","","",""
"710","","","","","","","","","","","","","3.1332418441772463","3.1332418441772463","3.1332418441772463","144","144","144","","","","","",""
"720","","","","","","","","","","","","","3.2092700958251954","3.2092700958251954","3.2092700958251954","146","146","146","","","","","",""
"730","","","","","","","","","","","","","3.1742136001586916","3.1742136001586916","3.1742136001586916","148","148","148","","","","","",""
"740","","","","","","","","","","","","","3.2110939025878906","3.2110939025878906","3.2110939025878906","150","150","150","","","","","",""
"750","","","","","","","","","","","","","3.1937240600585937","3.1937240600585937","3.1937240600585937","152","152","152","","","","","",""
"760","","","","","","","","","","","","","3.167378234863281","3.167378234863281","3.167378234863281","154","154","154","","","","","",""
"770","","","","","","","","","","","","","3.1951356887817384","3.1951356887817384","3.1951356887817384","156","156","156","","","","","",""
"780","","","","","","","","","","","","","3.218361663818359","3.218361663818359","3.218361663818359","158","158","158","","","","","",""
"790","","","","","","","","","","","","","3.2172920227050783","3.2172920227050783","3.2172920227050783","160","160","160","","","","","",""
"800","","","","","","","","","","","","","3.175762748718262","3.175762748718262","3.175762748718262","162","162","162","","","","","",""
"810","","","","","","","","","","","","","3.248086929321289","3.248086929321289","3.248086929321289","164","164","164","","","","","",""
"820","","","","","","","","","","","","","3.1792287826538086","3.1792287826538086","3.1792287826538086","166","166","166","","","","","",""
"830","","","","","","","","","","","","","3.2666492462158203","3.2666492462158203","3.2666492462158203","168","168","168","","","","","",""
"840","","","","","","","","","","","","","3.1650033950805665","3.1650033950805665","3.1650033950805665","170","170","170","","","","","",""
"850","","","","","","","","","","","","","3.1994602203369142","3.1994602203369142","3.1994602203369142","172","172","172","","","","","",""
"860","","","","","","","","","","","","","3.1780166625976562","3.1780166625976562","3.1780166625976562","174","174","174","","","","","",""
"870","","","","","","","","","","","","","3.1410682678222654","3.1410682678222654","3.1410682678222654","176","176","176","","","","","",""
"880","","","","","","","","","","","","","3.2417797088623046","3.2417797088623046","3.2417797088623046","178","178","178","","","","","",""
"890","","","","","","","","","","","","","3.208910369873047","3.208910369873047","3.208910369873047","180","180","180","","","","","",""
"900","","","","","","","","","","","","","3.1201156616210937","3.1201156616210937","3.1201156616210937","182","182","182","","","","","",""
"910","","","","","","","","","","","","","3.2075515747070313","3.2075515747070313","3.2075515747070313","184","184","184","","","","","",""
"920","","","","","","","","","","","","","3.184940147399902","3.184940147399902","3.184940147399902","186","186","186","","","","","",""
"930","","","","","","","","","","","","","3.191668891906738","3.191668891906738","3.191668891906738","188","188","188","","","","","",""
"940","","","","","","","","","","","","","3.1976484298706054","3.1976484298706054","3.1976484298706054","190","190","190","","","","","",""
"950","","","","","","","","","","","","","3.200267028808594","3.200267028808594","3.200267028808594","192","192","192","","","","","",""
"960","","","","","","","","","","","","","3.1094812393188476","3.1094812393188476","3.1094812393188476","194","194","194","","","","","",""
"970","","","","","","","","","","","","","3.167946624755859","3.167946624755859","3.167946624755859","196","196","196","","","","","",""
"980","","","","","","","","","","","","","3.1677791595458986","3.1677791595458986","3.1677791595458986","198","198","198","","","","","",""
"990","","","","","","","","","","","","","3.202132797241211","3.202132797241211","3.202132797241211","200","200","200","","","","","",""
"1000","","","","","","","","","","","","","3.3028610229492186","3.3028610229492186","3.3028610229492186","202","202","202","","","","","",""
"1010","","","","","","","","","","","","","3.169524002075195","3.169524002075195","3.169524002075195","205","205","205","","","","","",""
"1020","","","","","","","","","","","","","3.2150901794433593","3.2150901794433593","3.2150901794433593","207","207","207","","","","","",""
"1030","","","","","","","","","","","","","3.2112186431884764","3.2112186431884764","3.2112186431884764","209","209","209","","","","","",""
"1040","","","","","","","","","","","","","3.1141910552978516","3.1141910552978516","3.1141910552978516","211","211","211","","","","","",""
"1050","","","","","","","","","","","","","3.24749870300293","3.24749870300293","3.24749870300293","213","213","213","","","","","",""
"1060","","","","","","","","","","","","","3.2090320587158203","3.2090320587158203","3.2090320587158203","215","215","215","","","","","",""
"1070","","","","","","","","","","","","","3.1541553497314454","3.1541553497314454","3.1541553497314454","217","217","217","","","","","",""
"1080","","","","","","","","","","","","","3.2209098815917967","3.2209098815917967","3.2209098815917967","219","219","219","","","","","",""
"1090","","","","","","","","","","","","","3.1484283447265624","3.1484283447265624","3.1484283447265624","221","221","221","","","","","",""
"1100","","","","","","","","","","","","","3.199581527709961","3.199581527709961","3.199581527709961","223","223","223","","","","","",""
"1110","","","","","","","","","","","","","3.2009815216064452","3.2009815216064452","3.2009815216064452","225","225","225","","","","","",""
"1120","","","","","","","","","","","","","3.170574188232422","3.170574188232422","3.170574188232422","227","227","227","","","","","",""
"1130","","","","","","","","","","","","","3.233591079711914","3.233591079711914","3.233591079711914","229","229","229","","","","","",""
"1140","","","","","","","","","","","","","3.125829315185547","3.125829315185547","3.125829315185547","231","231","231","","","","","",""
"1150","","","","","","","","","","","","","3.2570175170898437","3.2570175170898437","3.2570175170898437","233","233","233","","","","","",""
"1160","","","","","","","","","","","","","3.174348068237305","3.174348068237305","3.174348068237305","235","235","235","","","","","",""
"1170","","","","","","","","","","","","","3.176557731628418","3.176557731628418","3.176557731628418","237","237","237","","","","","",""
"1180","","","","","","","","","","","","","3.211957550048828","3.211957550048828","3.211957550048828","239","239","239","","","","","",""
"1190","","","","","","","","","","","","","3.202799606323242","3.202799606323242","3.202799606323242","241","241","241","","","","","",""
"1200","","","","","","","","","","","","","3.2000885009765625","3.2000885009765625","3.2000885009765625","243","243","243","","","","","",""
"1210","","","","","","","","","","","","","3.2147327423095704","3.2147327423095704","3.2147327423095704","245","245","245","","","","","",""
"1220","","","","","","","","","","","","","3.1920192718505858","3.1920192718505858","3.1920192718505858","247","247","247","","","","","",""
"1230","","","","","","","","","","","","","3.251485061645508","3.251485061645508","3.251485061645508","249","249","249","","","","","",""
"1240","","","","","","","","","","","","","3.1990123748779298","3.1990123748779298","3.1990123748779298","251","251","251","","","","","",""
"1250","","","","","","","","","","","","","3.209646224975586","3.209646224975586","3.209646224975586","253","253","253","","","","","",""
"1260","","","","","","","","","","","","","3.203450393676758","3.203450393676758","3.203450393676758","255","255","255","","","","","",""
"1270","","","","","","","","","","","","","3.1156993865966798","3.1156993865966798","3.1156993865966798","257","257","257","","","","","",""
"1280","","","","","","","","","","","","","3.2114795684814452","3.2114795684814452","3.2114795684814452","259","259","259","","","","","",""
"1290","","","","","","","","","","","","","3.2514949798583985","3.2514949798583985","3.2514949798583985","261","261","261","","","","","",""
"1300","","","","","","","","","","","","","3.174209403991699","3.174209403991699","3.174209403991699","263","263","263","","","","","",""
"1310","","","","","","","","","","","","","3.179108428955078","3.179108428955078","3.179108428955078","265","265","265","","","","","",""
"1320","","","","","","","","","","","","","3.2362865447998046","3.2362865447998046","3.2362865447998046","267","267","267","","","","","",""
"1330","","","","","","","","","","","","","3.2562892913818358","3.2562892913818358","3.2562892913818358","269","269","269","","","","","",""
"1340","","","","","","","","","","","","","3.1777746200561525","3.1777746200561525","3.1777746200561525","271","271","271","","","","","",""
"1350","","","","","","","","","","","","","3.1821556091308594","3.1821556091308594","3.1821556091308594","273","273","273","","","","","",""
"1360","","","","","","","","","","","","","3.1733366012573243","3.1733366012573243","3.1733366012573243","275","275","275","","","","","",""
"1370","","","","","","","","","","","","","3.252930450439453","3.252930450439453","3.252930450439453","277","277","277","","","","","",""
"1380","","","","","","","","","","","","","3.178739547729492","3.178739547729492","3.178739547729492","279","279","279","","","","","",""
"1390","","","","","","","","","","","","","3.1972118377685548","3.1972118377685548","3.1972118377685548","281","281","281","","","","","",""
"1400","","","","","","","","","","","","","3.2089061737060547","3.2089061737060547","3.2089061737060547","283","283","283","","","","","",""
"1410","","","","","","","","","","","","","3.171384811401367","3.171384811401367","3.171384811401367","285","285","285","","","","","",""
"1420","","","","","","","","","","","","","3.2568294525146486","3.2568294525146486","3.2568294525146486","287","287","287","","","","","",""
"1430","","","","","","","","","","","","","3.2036415100097657","3.2036415100097657","3.2036415100097657","289","289","289","","","","","",""
"1440","","","","","","","","","","","","","3.2031497955322266","3.2031497955322266","3.2031497955322266","291","291","291","","","","","",""
"1450","","","","","","","","","","","","","3.2187885284423827","3.2187885284423827","3.2187885284423827","293","293","293","","","","","",""
"1460","","","","","","","","","","","","","3.1762086868286135","3.1762086868286135","3.1762086868286135","295","295","295","","","","","",""
"1470","","","","","","","","","","","","","3.135489845275879","3.135489845275879","3.135489845275879","297","297","297","","","","","",""
"1480","","","","","","","","","","","","","3.1216403961181642","3.1216403961181642","3.1216403961181642","299","299","299","","","","","",""
"1490","","","","","","","","","","","","","3.177708053588867","3.177708053588867","3.177708053588867","301","301","301","","","","","",""
"1500","","","","","","","","","","","","","3.259165573120117","3.259165573120117","3.259165573120117","303","303","303","","","","","",""
"1510","","","","","","","","","","","","","3.212746810913086","3.212746810913086","3.212746810913086","306","306","306","","","","","",""
"1520","","","","","","","","","","","","","3.1837663650512695","3.1837663650512695","3.1837663650512695","308","308","308","","","","","",""
"1530","","","","","","","","","","","","","3.2230575561523436","3.2230575561523436","3.2230575561523436","310","310","310","","","","","",""
"1540","","","","","","","","","","","","","3.2056350708007812","3.2056350708007812","3.2056350708007812","312","312","312","","","","","",""
"1550","","","","","","","","","","","","","3.1819616317749024","3.1819616317749024","3.1819616317749024","314","314","314","","","","","",""
"1560","","","","","","","","","","","","","3.098833465576172","3.098833465576172","3.098833465576172","316","316","316","","","","","",""
"1570","","","","","","","","","","","","","3.1652027130126954","3.1652027130126954","3.1652027130126954","318","318","318","","","","","",""
"1580","","","","","","","","","","","","","3.1458871841430662","3.1458871841430662","3.1458871841430662","320","320","320","","","","","",""
"1590","","","","","","","","","","","","","3.1274654388427736","3.1274654388427736","3.1274654388427736","322","322","322","","","","","",""
"1600","","","","","","","","","","","","","3.1420434951782226","3.1420434951782226","3.1420434951782226","324","324","324","","","","","",""
"1610","","","","","","","","","","","","","3.1148611068725587","3.1148611068725587","3.1148611068725587","326","326","326","","","","","",""
"1620","","","","","","","","","","","","","3.192479705810547","3.192479705810547","3.192479705810547","328","328","328","","","","","",""
"1630","","","","","","","","","","","","","3.1536447525024416","3.1536447525024416","3.1536447525024416","330","330","330","","","","","",""
"1640","","","","","","","","","","","","","3.1317188262939455","3.1317188262939455","3.1317188262939455","332","332","332","","","","","",""
"1650","","","","","","","","","","","","","3.1184158325195312","3.1184158325195312","3.1184158325195312","334","334","334","","","","","",""
"1660","","","","","","","","","","","","","3.1803794860839845","3.1803794860839845","3.1803794860839845","336","336","336","","","","","",""
"1670","","","","","","","","","","","","","3.1788990020751955","3.1788990020751955","3.1788990020751955","338","338","338","","","","","",""
"1680","","","","","","","","","","","","","3.2164710998535155","3.2164710998535155","3.2164710998535155","340","340","340","","","","","",""
"1690","","","","","","","","","","","","","3.1661828994750976","3.1661828994750976","3.1661828994750976","342","342","342","","","","","",""
"1700","","","","","","","","","","","","","3.0774723052978517","3.0774723052978517","3.0774723052978517","344","344","344","","","","","",""
"1710","","","","","","","","","","","","","3.049120330810547","3.049120330810547","3.049120330810547","346","346","346","","","","","",""
"1720","","","","","","","","","","","","","3.169553756713867","3.169553756713867","3.169553756713867","348","348","348","","","","","",""
"1730","","","","","","","","","","","","","3.241538238525391","3.241538238525391","3.241538238525391","350","350","350","","","","","",""
"1740","","","","","","","","","","","","","3.210192108154297","3.210192108154297","3.210192108154297","352","352","352","","","","","",""
"1750","","","","","","","","","","","","","3.160763740539551","3.160763740539551","3.160763740539551","354","354","354","","","","","",""
"1760","","","","","","","","","","","","","3.1748828887939453","3.1748828887939453","3.1748828887939453","356","356","356","","","","","",""
"1770","","","","","","","","","","","","","3.1138628005981444","3.1138628005981444","3.1138628005981444","358","358","358","","","","","",""
"1780","","","","","","","","","","","","","3.186454963684082","3.186454963684082","3.186454963684082","360","360","360","","","","","",""
"1790","","","","","","","","","","","","","3.210274505615234","3.210274505615234","3.210274505615234","362","362","362","","","","","",""
"1800","","","","","","","","","","","","","3.1032957077026366","3.1032957077026366","3.1032957077026366","364","364","364","","","","","",""
"1810","","","","","","","","","","","","","3.1726770401000977","3.1726770401000977","3.1726770401000977","366","366","366","","","","","",""
"1820","","","","","","","","","","","","","3.093043327331543","3.093043327331543","3.093043327331543","368","368","368","","","","","",""
"1830","","","","","","","","","","","","","3.193465232849121","3.193465232849121","3.193465232849121","370","370","370","","","","","",""
"1840","","","","","","","","","","","","","3.1997419357299806","3.1997419357299806","3.1997419357299806","372","372","372","","","","","",""
"1850","","","","","","","","","","","","","3.181553268432617","3.181553268432617","3.181553268432617","374","374","374","","","","","",""
"1860","","","","","","","","","","","","","3.172476387023926","3.172476387023926","3.172476387023926","376","376","376","","","","","",""
"1870","","","","","","","","","","","","","3.0669498443603516","3.0669498443603516","3.0669498443603516","378","378","378","","","","","",""
"1880","","","","","","","","","","","","","3.1650604248046874","3.1650604248046874","3.1650604248046874","380","380","380","","","","","",""
"1890","","","","","","","","","","","","","3.1468223571777343","3.1468223571777343","3.1468223571777343","382","382","382","","","","","",""
"1900","","","","","","","","","","","","","3.178880500793457","3.178880500793457","3.178880500793457","384","384","384","","","","","",""
"1910","","","","","","","","","","","","","3.2378578186035156","3.2378578186035156","3.2378578186035156","386","386","386","","","","","",""
"1920","","","","","","","","","","","","","3.1338424682617188","3.1338424682617188","3.1338424682617188","388","388","388","","","","","",""
"1930","","","","","","","","","","","","","3.2251865386962892","3.2251865386962892","3.2251865386962892","390","390","390","","","","","",""
"1940","","","","","","","","","","","","","3.094350814819336","3.094350814819336","3.094350814819336","392","392","392","","","","","",""
"1950","","","","","","","","","","","","","3.144858551025391","3.144858551025391","3.144858551025391","394","394","394","","","","","",""
"1960","","","","","","","","","","","","","3.1797595977783204","3.1797595977783204","3.1797595977783204","396","396","396","","","","","",""
"1970","","","","","","","","","","","","","3.1177797317504883","3.1177797317504883","3.1177797317504883","398","398","398","","","","","",""
"1980","","","","","","","","","","","","","3.0856306076049806","3.0856306076049806","3.0856306076049806","400","400","400","","","","","",""
"1990","","","","","","","","","","","","","3.183907318115234","3.183907318115234","3.183907318115234","402","402","402","","","","","",""
"2000","","","","","","","","","","","","","3.1414310455322267","3.1414310455322267","3.1414310455322267","404","404","404","","","","","",""
"2010","","","","","","","","","","","","","3.187610626220703","3.187610626220703","3.187610626220703","407","407","407","","","","","",""
"2020","","","","","","","","","","","","","3.171307373046875","3.171307373046875","3.171307373046875","409","409","409","","","","","",""
"2030","","","","","","","","","","","","","3.0887596130371096","3.0887596130371096","3.0887596130371096","411","411","411","","","","","",""
"2040","","","","","","","","","","","","","3.1856040954589844","3.1856040954589844","3.1856040954589844","413","413","413","","","","","",""
"2050","","","","","","","","","","","","","3.1997575759887695","3.1997575759887695","3.1997575759887695","415","415","415","","","","","",""
"2060","","","","","","","","","","","","","3.1946807861328126","3.1946807861328126","3.1946807861328126","417","417","417","","","","","",""
"2070","","","","","","","","","","","","","3.1231279373168945","3.1231279373168945","3.1231279373168945","419","419","419","","","","","",""
"2080","","","","","","","","","","","","","3.172073173522949","3.172073173522949","3.172073173522949","421","421","421","","","","","",""
"2090","","","","","","","","","","","","","3.1462800979614256","3.1462800979614256","3.1462800979614256","423","423","423","","","","","",""
"2100","","","","","","","","","","","","","3.1368560791015625","3.1368560791015625","3.1368560791015625","425","425","425","","","","","",""
"2110","","","","","","","","","","","","","3.1732528686523436","3.1732528686523436","3.1732528686523436","427","427","427","","","","","",""
"2120","","","","","","","","","","","","","3.1758771896362306","3.1758771896362306","3.1758771896362306","429","429","429","","","","","",""
"2130","","","","","","","","","","","","","3.2079662322998046","3.2079662322998046","3.2079662322998046","431","431","431","","","","","",""
"2140","","","","","","","","","","","","","3.070659637451172","3.070659637451172","3.070659637451172","433","433","433","","","","","",""
"2150","","","","","","","","","","","","","3.0966114044189452","3.0966114044189452","3.0966114044189452","435","435","435","","","","","",""
"2160","","","","","","","","","","","","","3.224940872192383","3.224940872192383","3.224940872192383","437","437","437","","","","","",""
"2170","","","","","","","","","","","","","3.1693206787109376","3.1693206787109376","3.1693206787109376","439","439","439","","","","","",""
"2180","","","","","","","","","","","","","3.090167236328125","3.090167236328125","3.090167236328125","441","441","441","","","","","",""
"2190","","","","","","","","","","","","","3.165127754211426","3.165127754211426","3.165127754211426","443","443","443","","","","","",""
"2200","","","","","","","","","","","","","3.1333200454711916","3.1333200454711916","3.1333200454711916","445","445","445","","","","","",""
"2210","","","","","","","","","","","","","3.170851135253906","3.170851135253906","3.170851135253906","447","447","447","","","","","",""
"2220","","","","","","","","","","","","","3.2305438995361326","3.2305438995361326","3.2305438995361326","449","449","449","","","","","",""
"2230","","","","","","","","","","","","","3.0969303131103514","3.0969303131103514","3.0969303131103514","451","451","451","","","","","",""
"2240","","","","","","","","","","","","","3.103647804260254","3.103647804260254","3.103647804260254","453","453","453","","","","","",""
"2250","","","","","","","","","","","","","3.1752538681030273","3.1752538681030273","3.1752538681030273","455","455","455","","","","","",""
"2260","","","","","","","","","","","","","3.2158828735351563","3.2158828735351563","3.2158828735351563","457","457","457","","","","","",""
"2270","","","","","","","","","","","","","3.209966278076172","3.209966278076172","3.209966278076172","459","459","459","","","","","",""
"2280","","","","","","","","","","","","","3.1105697631835936","3.1105697631835936","3.1105697631835936","461","461","461","","","","","",""
"2290","","","","","","","","","","","","","3.098479461669922","3.098479461669922","3.098479461669922","463","463","463","","","","","",""
"2300","","","","","","","","","","","","","3.163975715637207","3.163975715637207","3.163975715637207","465","465","465","","","","","",""
"2310","","","","","","","","","","","","","3.203859329223633","3.203859329223633","3.203859329223633","467","467","467","","","","","",""
"2320","","","","","","","","","","","","","3.097127342224121","3.097127342224121","3.097127342224121","469","469","469","","","","","",""
"2330","","","","","","","","","","","","","3.1621187210083006","3.1621187210083006","3.1621187210083006","471","471","471","","","","","",""
"2340","","","","","","","","","","","","","3.1682701110839844","3.1682701110839844","3.1682701110839844","473","473","473","","","","","",""
"2350","","","","","","","","","","","","","3.1157295227050783","3.1157295227050783","3.1157295227050783","475","475","475","","","","","",""
"2360","","","","","","","","","","","","","3.2083816528320312","3.2083816528320312","3.2083816528320312","477","477","477","","","","","",""
"2370","","","","","","","","","","","","","3.1054128646850585","3.1054128646850585","3.1054128646850585","479","479","479","","","","","",""
"2380","","","","","","","","","","","","","3.193313980102539","3.193313980102539","3.193313980102539","481","481","481","","","","","",""
"2390","","","","","","","","","","","","","3.108585166931152","3.108585166931152","3.108585166931152","483","483","483","","","","","",""
"2400","","","","","","","","","","","","","3.209039306640625","3.209039306640625","3.209039306640625","485","485","485","","","","","",""
"2410","","","","","","","","","","","","","3.146352195739746","3.146352195739746","3.146352195739746","487","487","487","","","","","",""
"2420","","","","","","","","","","","","","3.165168571472168","3.165168571472168","3.165168571472168","489","489","489","","","","","",""
"2430","","","","","","","","","","","","","3.1971324920654296","3.1971324920654296","3.1971324920654296","491","491","491","","","","","",""
"2440","","","","","","","","","","","","","3.1718326568603517","3.1718326568603517","3.1718326568603517","493","493","493","","","","","",""
"2450","","","","","","","","","","","","","3.1290464401245117","3.1290464401245117","3.1290464401245117","495","495","495","","","","","",""
"2460","","","","","","","","","","","","","3.1776227951049805","3.1776227951049805","3.1776227951049805","497","497","497","","","","","",""
"2470","","","","","","","","","","","","","3.149078369140625","3.149078369140625","3.149078369140625","499","499","499","","","","","",""
"2480","","","","","","","","","","","","","3.128066635131836","3.128066635131836","3.128066635131836","501","501","501","","","","","",""
"2490","","","","","","","","","","","","","3.128729820251465","3.128729820251465","3.128729820251465","503","503","503","","","","","",""
"2500","","","","","","","","","","","","","3.174903678894043","3.174903678894043","3.174903678894043","505","505","505","","","","","",""
"2510","","","","","","","","","","","","","3.192005920410156","3.192005920410156","3.192005920410156","508","508","508","","","","","",""
"2520","","","","","","","","","","","","","3.1481773376464846","3.1481773376464846","3.1481773376464846","510","510","510","","","","","",""
"2530","","","","","","","","","","","","","3.154868507385254","3.154868507385254","3.154868507385254","512","512","512","","","","","",""
"2540","","","","","","","","","","","","","3.2144309997558596","3.2144309997558596","3.2144309997558596","514","514","514","","","","","",""
"2550","","","","","","","","","","","","","3.1777944564819336","3.1777944564819336","3.1777944564819336","516","516","516","","","","","",""
"2560","","","","","","","","","","","","","3.1752872467041016","3.1752872467041016","3.1752872467041016","518","518","518","","","","","",""
"2570","","","","","","","","","","","","","3.081592559814453","3.081592559814453","3.081592559814453","520","520","520","","","","","",""
"2580","","","","","","","","","","","","","3.205413818359375","3.205413818359375","3.205413818359375","522","522","522","","","","","",""
"2590","","","","","","","","","","","","","3.1889766693115233","3.1889766693115233","3.1889766693115233","524","524","524","","","","","",""
"2600","","","","","","","","","","","","","3.160832977294922","3.160832977294922","3.160832977294922","526","526","526","","","","","",""
"2610","","","","","","","","","","","","","3.2311168670654298","3.2311168670654298","3.2311168670654298","528","528","528","","","","","",""
"2620","","","","","","","","","","","","","3.1540706634521483","3.1540706634521483","3.1540706634521483","530","530","530","","","","","",""
"2630","","","","","","","","","","","","","3.1722949981689452","3.1722949981689452","3.1722949981689452","532","532","532","","","","","",""
"2640","","","","","","","","","","","","","3.1231266021728517","3.1231266021728517","3.1231266021728517","534","534","534","","","","","",""
"2650","","","","","","","","","","","","","3.12728271484375","3.12728271484375","3.12728271484375","536","536","536","","","","","",""
"2660","","","","","","","","","","","","","3.250347900390625","3.250347900390625","3.250347900390625","538","538","538","","","","","",""
"2670","","","","","","","","","","","","","3.140253257751465","3.140253257751465","3.140253257751465","540","540","540","","","","","",""
"2680","","","","","","","","","","","","","3.2105690002441407","3.2105690002441407","3.2105690002441407","542","542","542","","","","","",""
"2690","","","","","","","","","","","","","3.122998046875","3.122998046875","3.122998046875","544","544","544","","","","","",""
"2700","","","","","","","","","","","","","3.1150205612182615","3.1150205612182615","3.1150205612182615","546","546","546","","","","","",""
"2710","","","","","","","","","","","","","3.1325204849243162","3.1325204849243162","3.1325204849243162","548","548","548","","","","","",""
"2720","","","","","","","","","","","","","3.1405309677124023","3.1405309677124023","3.1405309677124023","550","550","550","","","","","",""
"2730","","","","","","","","","","","","","3.1920759201049806","3.1920759201049806","3.1920759201049806","552","552","552","","","","","",""
"2740","","","","","","","","","","","","","3.205516815185547","3.205516815185547","3.205516815185547","554","554","554","","","","","",""
"2750","","","","","","","","","","","","","3.0968902587890623","3.0968902587890623","3.0968902587890623","556","556","556","","","","","",""
"2760","","","","","","","","","","","","","3.1319942474365234","3.1319942474365234","3.1319942474365234","558","558","558","","","","","",""
"2770","","","","","","","","","","","","","3.1618831634521483","3.1618831634521483","3.1618831634521483","560","560","560","","","","","",""
"2780","","","","","","","","","","","","","3.126247215270996","3.126247215270996","3.126247215270996","562","562","562","","","","","",""
"2790","","","","","","","","","","","","","3.1567522048950196","3.1567522048950196","3.1567522048950196","564","564","564","","","","","",""
"2800","","","","","","","","","","","","","3.129982566833496","3.129982566833496","3.129982566833496","566","566","566","","","","","",""
"2810","","","","","","","","","","","","","3.1390275955200195","3.1390275955200195","3.1390275955200195","568","568","568","","","","","",""
"2820","","","","","","","","","","","","","3.1234039306640624","3.1234039306640624","3.1234039306640624","570","570","570","","","","","",""
"2830","","","","","","","","","","","","","3.135417938232422","3.135417938232422","3.135417938232422","572","572","572","","","","","",""
"2840","","","","","","","","","","","","","3.129140090942383","3.129140090942383","3.129140090942383","574","574","574","","","","","",""
"2850","","","","","","","","","","","","","3.152400588989258","3.152400588989258","3.152400588989258","576","576","576","","","","","",""
"2860","","","","","","","","","","","","","3.21386604309082","3.21386604309082","3.21386604309082","578","578","578","","","","","",""
"2870","","","","","","","","","","","","","3.2127899169921874","3.2127899169921874","3.2127899169921874","580","580","580","","","","","",""
"2880","","","","","","","","","","","","","3.161838150024414","3.161838150024414","3.161838150024414","582","582","582","","","","","",""
"2890","","","","","","","","","","","","","3.0811790466308593","3.0811790466308593","3.0811790466308593","584","584","584","","","","","",""
"2900","","","","","","","","","","","","","3.2025070190429688","3.2025070190429688","3.2025070190429688","586","586","586","","","","","",""
"2910","","","","","","","","","","","","","3.1433151245117186","3.1433151245117186","3.1433151245117186","588","588","588","","","","","",""
"2920","","","","","","","","","","","","","3.1604030609130858","3.1604030609130858","3.1604030609130858","590","590","590","","","","","",""
"2930","","","","","","","","","","","","","3.1259227752685548","3.1259227752685548","3.1259227752685548","592","592","592","","","","","",""
"2940","","","","","","","","","","","","","3.1968713760375977","3.1968713760375977","3.1968713760375977","594","594","594","","","","","",""
"2950","","","","","","","","","","","","","3.1370079040527346","3.1370079040527346","3.1370079040527346","596","596","596","","","","","",""
"2960","","","","","","","","","","","","","3.175709915161133","3.175709915161133","3.175709915161133","598","598","598","","","","","",""
"2970","","","","","","","","","","","","","3.095257377624512","3.095257377624512","3.095257377624512","600","600","600","","","","","",""
"2980","","","","","","","","","","","","","3.211527633666992","3.211527633666992","3.211527633666992","602","602","602","","","","","",""
"2990","","","","","","","","","","","","","3.1781755447387696","3.1781755447387696","3.1781755447387696","604","604","604","","","","","",""
"3000","","","","","","","","","","","","","3.1280603408813477","3.1280603408813477","3.1280603408813477","606","606","606","","","","","",""
"3010","","","","","","","","","","","","","3.142917823791504","3.142917823791504","3.142917823791504","609","609","609","","","","","",""
"3020","","","","","","","","","","","","","3.2403656005859376","3.2403656005859376","3.2403656005859376","611","611","611","","","","","",""
"3030","","","","","","","","","","","","","3.1599567413330076","3.1599567413330076","3.1599567413330076","613","613","613","","","","","",""
"3040","","","","","","","","","","","","","3.161859703063965","3.161859703063965","3.161859703063965","615","615","615","","","","","",""
"3050","","","","","","","","","","","","","3.1484289169311523","3.1484289169311523","3.1484289169311523","617","617","617","","","","","",""
"3060","","","","","","","","","","","","","3.1612947463989256","3.1612947463989256","3.1612947463989256","619","619","619","","","","","",""
"3070","","","","","","","","","","","","","3.244986724853516","3.244986724853516","3.244986724853516","621","621","621","","","","","",""
"3080","","","","","","","","","","","","","3.1299341201782225","3.1299341201782225","3.1299341201782225","623","623","623","","","","","",""
"3090","","","","","","","","","","","","","3.1308223724365236","3.1308223724365236","3.1308223724365236","625","625","625","","","","","",""
"3100","","","","","","","","","","","","","3.1187915802001953","3.1187915802001953","3.1187915802001953","627","627","627","","","","","",""
"3110","","","","","","","","","","","","","3.150546836853027","3.150546836853027","3.150546836853027","629","629","629","","","","","",""
"3120","","","","","","","","","","","","","3.0700551986694338","3.0700551986694338","3.0700551986694338","631","631","631","","","","","",""
"3130","","","","","","","","","","","","","3.149772834777832","3.149772834777832","3.149772834777832","633","633","633","","","","","",""
"3140","","","","","","","","","","","","","3.205522918701172","3.205522918701172","3.205522918701172","635","635","635","","","","","",""
"3150","","","","","","","","","","","","","3.1568294525146485","3.1568294525146485","3.1568294525146485","637","637","637","","","","","",""
"3160","","","","","","","","","","","","","3.1628021240234374","3.1628021240234374","3.1628021240234374","639","639","639","","","","","",""
"3170","","","","","","","","","","","","","3.119772529602051","3.119772529602051","3.119772529602051","641","641","641","","","","","",""
"3180","","","","","","","","","","","","","3.1699304580688477","3.1699304580688477","3.1699304580688477","643","643","643","","","","","",""
"3190","","","","","","","","","","","","","3.181325340270996","3.181325340270996","3.181325340270996","645","645","645","","","","","",""
"3200","","","","","","","","","","","","","3.1247333526611327","3.1247333526611327","3.1247333526611327","647","647","647","","","","","",""
"3210","","","","","","","","","","","","","3.152791213989258","3.152791213989258","3.152791213989258","649","649","649","","","","","",""
"3220","","","","","","","","","","","","","3.1451745986938477","3.1451745986938477","3.1451745986938477","651","651","651","","","","","",""
"3230","","","","","","","","","","","","","3.1146003723144533","3.1146003723144533","3.1146003723144533","653","653","653","","","","","",""
"3240","","","","","","","","","","","","","3.0916427612304687","3.0916427612304687","3.0916427612304687","655","655","655","","","","","",""
"3250","","","","","","","","","","","","","3.1521652221679686","3.1521652221679686","3.1521652221679686","657","657","657","","","","","",""
"3260","","","","","","","","","","","","","3.164583206176758","3.164583206176758","3.164583206176758","659","659","659","","","","","",""
"3270","","","","","","","","","","","","","3.1240615844726562","3.1240615844726562","3.1240615844726562","661","661","661","","","","","",""
"3280","","","","","","","","","","","","","3.1489593505859377","3.1489593505859377","3.1489593505859377","663","663","663","","","","","",""
"3290","","","","","","","","","","","","","3.0971179962158204","3.0971179962158204","3.0971179962158204","665","665","665","","","","","",""
"3300","","","","","","","","","","","","","3.1234235763549805","3.1234235763549805","3.1234235763549805","667","667","667","","","","","",""
"3310","","","","","","","","","","","","","3.085020637512207","3.085020637512207","3.085020637512207","669","669","669","","","","","",""
"3320","","","","","","","","","","","","","3.167934226989746","3.167934226989746","3.167934226989746","671","671","671","","","","","",""
"3330","","","","","","","","","","","","","3.2144004821777346","3.2144004821777346","3.2144004821777346","673","673","673","","","","","",""
"3340","","","","","","","","","","","","","3.1255285263061525","3.1255285263061525","3.1255285263061525","675","675","675","","","","","",""
"3350","","","","","","","","","","","","","3.186738395690918","3.186738395690918","3.186738395690918","677","677","677","","","","","",""
"3360","","","","","","","","","","","","","3.2018596649169924","3.2018596649169924","3.2018596649169924","679","679","679","","","","","",""
"3370","","","","","","","","","","","","","3.1616853713989257","3.1616853713989257","3.1616853713989257","681","681","681","","","","","",""
"3380","","","","","","","","","","","","","3.1705883026123045","3.1705883026123045","3.1705883026123045","683","683","683","","","","","",""
"3390","","","","","","","","","","","","","3.152690124511719","3.152690124511719","3.152690124511719","685","685","685","","","","","",""
"3400","","","","","","","","","","","","","3.126750946044922","3.126750946044922","3.126750946044922","687","687","687","","","","","",""
"3410","","","","","","","","","","","","","3.1317411422729493","3.1317411422729493","3.1317411422729493","689","689","689","","","","","",""
"3420","","","","","","","","","","","","","3.1008321762084963","3.1008321762084963","3.1008321762084963","691","691","691","","","","","",""
"3430","","","","","","","","","","","","","3.1002906799316405","3.1002906799316405","3.1002906799316405","693","693","693","","","","","",""
"3440","","","","","","","","","","","","","3.123726654052734","3.123726654052734","3.123726654052734","695","695","695","","","","","",""
"3450","","","","","","","","","","","","","3.171543312072754","3.171543312072754","3.171543312072754","697","697","697","","","","","",""
"3460","","","","","","","","","","","","","3.12650146484375","3.12650146484375","3.12650146484375","699","699","699","","","","","",""
"3470","","","","","","","","","","","","","3.1632150650024413","3.1632150650024413","3.1632150650024413","701","701","701","","","","","",""
"3480","","","","","","","","","","","","","3.124503326416016","3.124503326416016","3.124503326416016","703","703","703","","","","","",""
"3490","","","","","","","","","","","","","3.127456855773926","3.127456855773926","3.127456855773926","705","705","705","","","","","",""
"3500","","","","","","","","","","","","","3.131679916381836","3.131679916381836","3.131679916381836","707","707","707","","","","","",""
"3510","","","","","","","","","","","","","3.0912296295166017","3.0912296295166017","3.0912296295166017","710","710","710","","","","","",""
"3520","","","","","","","","","","","","","3.12844181060791","3.12844181060791","3.12844181060791","712","712","712","","","","","",""
"3530","","","","","","","","","","","","","3.085610198974609","3.085610198974609","3.085610198974609","714","714","714","","","","","",""
"3540","","","","","","","","","","","","","3.1861907958984377","3.1861907958984377","3.1861907958984377","716","716","716","","","","","",""
"3550","","","","","","","","","","","","","3.193828582763672","3.193828582763672","3.193828582763672","718","718","718","","","","","",""
"3560","","","","","","","","","","","","","3.143915367126465","3.143915367126465","3.143915367126465","720","720","720","","","","","",""
"3570","","","","","","","","","","","","","3.178287315368652","3.178287315368652","3.178287315368652","722","722","722","","","","","",""
"3580","","","","","","","","","","","","","3.1491111755371093","3.1491111755371093","3.1491111755371093","724","724","724","","","","","",""
"3590","","","","","","","","","","","","","3.1624088287353516","3.1624088287353516","3.1624088287353516","726","726","726","","","","","",""
"3600","","","","","","","","","","","","","3.1323070526123047","3.1323070526123047","3.1323070526123047","728","728","728","","","","","",""
"3610","","","","","","","","","","","","","3.117649459838867","3.117649459838867","3.117649459838867","730","730","730","","","","","",""
"3620","","","","","","","","","","","","","3.1049217224121093","3.1049217224121093","3.1049217224121093","732","732","732","","","","","",""
"3630","","","","","","","","","","","","","3.1951677322387697","3.1951677322387697","3.1951677322387697","734","734","734","","","","","",""
"3640","","","","","","","","","","","","","3.159558868408203","3.159558868408203","3.159558868408203","736","736","736","","","","","",""
"3650","","","","","","","","","","","","","3.080168342590332","3.080168342590332","3.080168342590332","738","738","738","","","","","",""
"3660","","","","","","","","","","","","","3.1351755142211912","3.1351755142211912","3.1351755142211912","740","740","740","","","","","",""
"3670","","","","","","","","","","","","","3.1026615142822265","3.1026615142822265","3.1026615142822265","742","742","742","","","","","",""
"3680","","","","","","","","","","","","","3.1385772705078123","3.1385772705078123","3.1385772705078123","744","744","744","","","","","",""
"3690","","","","","","","","","","","","","3.1135591506958007","3.1135591506958007","3.1135591506958007","746","746","746","","","","","",""
"3700","","","","","","","","","","","","","3.140089416503906","3.140089416503906","3.140089416503906","748","748","748","","","","","",""
"3710","","","","","","","","","","","","","3.1190311431884767","3.1190311431884767","3.1190311431884767","750","750","750","","","","","",""
"3720","","","","","","","","","","","","","3.1955629348754884","3.1955629348754884","3.1955629348754884","752","752","752","","","","","",""
"3730","","","","","","","","","","","","","3.1432838439941406","3.1432838439941406","3.1432838439941406","754","754","754","","","","","",""
"3740","","","","","","","","","","","","","3.1846029281616213","3.1846029281616213","3.1846029281616213","756","756","756","","","","","",""
"3750","","","","","","","","","","","","","3.186193084716797","3.186193084716797","3.186193084716797","758","758","758","","","","","",""
"3760","","","","","","","","","","","","","3.183239555358887","3.183239555358887","3.183239555358887","760","760","760","","","","","",""
"3770","","","","","","","","","","","","","3.1344547271728516","3.1344547271728516","3.1344547271728516","762","762","762","","","","","",""
"3780","","","","","","","","","","","","","3.098899269104004","3.098899269104004","3.098899269104004","764","764","764","","","","","",""
"3790","","","","","","","","","","","","","3.1684709548950196","3.1684709548950196","3.1684709548950196","766","766","766","","","","","",""
"3800","","","","","","","","","","","","","3.123098945617676","3.123098945617676","3.123098945617676","768","768","768","","","","","",""
"3810","","","","","","","","","","","","","3.1334747314453124","3.1334747314453124","3.1334747314453124","770","770","770","","","","","",""
"3820","","","","","","","","","","","","","3.1250381469726562","3.1250381469726562","3.1250381469726562","772","772","772","","","","","",""
"3830","","","","","","","","","","","","","3.140639877319336","3.140639877319336","3.140639877319336","774","774","774","","","","","",""
"3840","","","","","","","","","","","","","3.2311325073242188","3.2311325073242188","3.2311325073242188","776","776","776","","","","","",""
"3850","","","","","","","","","","","","","3.188479995727539","3.188479995727539","3.188479995727539","778","778","778","","","","","",""
"3860","","","","","","","","","","","","","3.178867149353027","3.178867149353027","3.178867149353027","780","780","780","","","","","",""
"3870","","","","","","","","","","","","","3.123907279968262","3.123907279968262","3.123907279968262","782","782","782","","","","","",""
"3880","","","","","","","","","","","","","3.1810781478881838","3.1810781478881838","3.1810781478881838","784","784","784","","","","","",""
"3890","","","","","","","","","","","","","3.0975667953491213","3.0975667953491213","3.0975667953491213","786","786","786","","","","","",""
"3900","","","","","","","","","","","","","3.111459159851074","3.111459159851074","3.111459159851074","788","788","788","","","","","",""
"3910","","","","","","","","","","","","","3.171112632751465","3.171112632751465","3.171112632751465","790","790","790","","","","","",""
"3920","","","","","","","","","","","","","3.1666149139404296","3.1666149139404296","3.1666149139404296","792","792","792","","","","","",""
"3930","","","","","","","","","","","","","3.1910444259643556","3.1910444259643556","3.1910444259643556","794","794","794","","","","","",""
"3940","","","","","","","","","","","","","3.1560239791870117","3.1560239791870117","3.1560239791870117","796","796","796","","","","","",""
"3950","","","","","","","","","","","","","3.1675537109375","3.1675537109375","3.1675537109375","798","798","798","","","","","",""
"3960","","","","","","","","","","","","","3.1554698944091797","3.1554698944091797","3.1554698944091797","800","800","800","","","","","",""
"3970","","","","","","","","","","","","","3.073888397216797","3.073888397216797","3.073888397216797","802","802","802","","","","","",""
"3980","","","","","","","","","","","","","3.1570659637451173","3.1570659637451173","3.1570659637451173","804","804","804","","","","","",""
"3990","","","","","","","","","","","","","3.1425588607788084","3.1425588607788084","3.1425588607788084","806","806","806","","","","","",""
"4000","","","","","","","","","","","","","3.141486167907715","3.141486167907715","3.141486167907715","808","808","808","","","","","",""
"4010","","","","","","","3.2084327697753907","3.2084327697753907","3.2084327697753907","2","2","2","3.208424377441406","3.208424377441406","3.208424377441406","811","811","811","","","","","",""
"4020","","","","","","","3.231861877441406","3.231861877441406","3.231861877441406","4","4","4","3.2318790435791014","3.2318790435791014","3.2318790435791014","813","813","813","","","","","",""
"4030","","","","","","","3.120496940612793","3.120496940612793","3.120496940612793","6","6","6","3.1204765319824217","3.1204765319824217","3.1204765319824217","815","815","815","","","","","",""
"4040","","","","","","","3.1495441436767577","3.1495441436767577","3.1495441436767577","8","8","8","3.149490737915039","3.149490737915039","3.149490737915039","817","817","817","","","","","",""
"4050","","","","","","","3.208182525634766","3.208182525634766","3.208182525634766","10","10","10","3.2081275939941407","3.2081275939941407","3.2081275939941407","819","819","819","","","","","",""
"4060","","","","","","","3.1306249618530275","3.1306249618530275","3.1306249618530275","12","12","12","3.1306827545166014","3.1306827545166014","3.1306827545166014","821","821","821","","","","","",""
"4070","","","","","","","3.111444091796875","3.111444091796875","3.111444091796875","14","14","14","3.111421012878418","3.111421012878418","3.111421012878418","823","823","823","","","","","",""
"4080","","","","","","","3.1881729125976563","3.1881729125976563","3.1881729125976563","16","16","16","3.1881717681884765","3.1881717681884765","3.1881717681884765","825","825","825","","","","","",""
"4090","","","","","","","3.179068946838379","3.179068946838379","3.179068946838379","18","18","18","3.1790517807006835","3.1790517807006835","3.1790517807006835","827","827","827","","","","","",""
"4100","","","","","","","3.1584821701049806","3.1584821701049806","3.1584821701049806","20","20","20","3.1585384368896485","3.1585384368896485","3.1585384368896485","829","829","829","","","","","",""
"4110","","","","","","","3.1251947402954103","3.1251947402954103","3.1251947402954103","22","22","22","3.1252300262451174","3.1252300262451174","3.1252300262451174","831","831","831","","","","","",""
"4120","","","","","","","3.124814987182617","3.124814987182617","3.124814987182617","24","24","24","3.124820899963379","3.124820899963379","3.124820899963379","833","833","833","","","","","",""
"4130","","","","","","","3.1010446548461914","3.1010446548461914","3.1010446548461914","26","26","26","3.1010313034057617","3.1010313034057617","3.1010313034057617","835","835","835","","","","","",""
"4140","","","","","","","3.160737228393555","3.160737228393555","3.160737228393555","28","28","28","3.1607105255126955","3.1607105255126955","3.1607105255126955","837","837","837","","","","","",""
"4150","","","","","","","3.10776424407959","3.10776424407959","3.10776424407959","30","30","30","3.1077375411987305","3.1077375411987305","3.1077375411987305","839","839","839","","","","","",""
"4160","","","","","","","3.061230278015137","3.061230278015137","3.061230278015137","32","32","32","3.0611846923828123","3.0611846923828123","3.0611846923828123","841","841","841","","","","","",""
"4170","","","","","","","3.099945640563965","3.099945640563965","3.099945640563965","34","34","34","3.0999502182006835","3.0999502182006835","3.0999502182006835","843","843","843","","","","","",""
"4180","","","","","","","3.1721725463867188","3.1721725463867188","3.1721725463867188","36","36","36","3.172140884399414","3.172140884399414","3.172140884399414","845","845","845","","","","","",""
"4190","","","","","","","3.1405479431152346","3.1405479431152346","3.1405479431152346","38","38","38","3.1405868530273438","3.1405868530273438","3.1405868530273438","847","847","847","","","","","",""
"4200","","","","","","","3.1593624114990235","3.1593624114990235","3.1593624114990235","40","40","40","3.1593740463256834","3.1593740463256834","3.1593740463256834","849","849","849","","","","","",""
"4210","","","","","","","3.1396661758422852","3.1396661758422852","3.1396661758422852","42","42","42","3.1396564483642577","3.1396564483642577","3.1396564483642577","851","851","851","","","","","",""
"4220","","","","","","","3.1399154663085938","3.1399154663085938","3.1399154663085938","44","44","44","3.1399417877197267","3.1399417877197267","3.1399417877197267","853","853","853","","","","","",""
"4230","","","","","","","3.1733911514282225","3.1733911514282225","3.1733911514282225","46","46","46","3.173343849182129","3.173343849182129","3.173343849182129","855","855","855","","","","","",""
"4240","","","","","","","3.1083890914916994","3.1083890914916994","3.1083890914916994","48","48","48","3.108378791809082","3.108378791809082","3.108378791809082","857","857","857","","","","","",""
"4250","","","","","","","3.0958883285522463","3.0958883285522463","3.0958883285522463","50","50","50","3.0958900451660156","3.0958900451660156","3.0958900451660156","859","859","859","","","","","",""
"4260","","","","","","","3.100214958190918","3.100214958190918","3.100214958190918","52","52","52","3.1002403259277345","3.1002403259277345","3.1002403259277345","861","861","861","","","","","",""
"4270","","","","","","","3.1595720291137694","3.1595720291137694","3.1595720291137694","54","54","54","3.1596084594726563","3.1596084594726563","3.1596084594726563","863","863","863","","","","","",""
"4280","","","","","","","3.0908786773681642","3.0908786773681642","3.0908786773681642","56","56","56","3.09088020324707","3.09088020324707","3.09088020324707","865","865","865","","","","","",""
"4290","","","","","","","3.078517723083496","3.078517723083496","3.078517723083496","58","58","58","3.0785131454467773","3.0785131454467773","3.0785131454467773","867","867","867","","","","","",""
"4300","","","","","","","3.101094627380371","3.101094627380371","3.101094627380371","60","60","60","3.1011104583740234","3.1011104583740234","3.1011104583740234","869","869","869","","","","","",""
"4310","","","","","","","3.108831787109375","3.108831787109375","3.108831787109375","62","62","62","3.1087955474853515","3.1087955474853515","3.1087955474853515","871","871","871","","","","","",""
"4320","","","","","","","3.1083654403686523","3.1083654403686523","3.1083654403686523","64","64","64","3.1085044860839846","3.1085044860839846","3.1085044860839846","873","873","873","","","","","",""
"4330","","","","","","","3.1906023025512695","3.1906023025512695","3.1906023025512695","66","66","66","3.1906213760375977","3.1906213760375977","3.1906213760375977","875","875","875","","","","","",""
"4340","","","","","","","3.155576705932617","3.155576705932617","3.155576705932617","68","68","68","3.155590057373047","3.155590057373047","3.155590057373047","877","877","877","","","","","",""
"4350","","","","","","","3.181056785583496","3.181056785583496","3.181056785583496","70","70","70","3.181076240539551","3.181076240539551","3.181076240539551","879","879","879","","","","","",""
"4360","","","","","","","3.09134464263916","3.09134464263916","3.09134464263916","72","72","72","3.091320037841797","3.091320037841797","3.091320037841797","881","881","881","","","","","",""
"4370","","","","","","","3.122892951965332","3.122892951965332","3.122892951965332","74","74","74","3.1229381561279297","3.1229381561279297","3.1229381561279297","883","883","883","","","","","",""
"4380","","","","","","","3.1262514114379885","3.1262514114379885","3.1262514114379885","76","76","76","3.1262075424194338","3.1262075424194338","3.1262075424194338","885","885","885","","","","","",""
"4390","","","","","","","3.151405143737793","3.151405143737793","3.151405143737793","78","78","78","3.15133113861084","3.15133113861084","3.15133113861084","887","887","887","","","","","",""
"4400","","","","","","","3.104968452453613","3.104968452453613","3.104968452453613","80","80","80","3.1049755096435545","3.1049755096435545","3.1049755096435545","889","889","889","","","","","",""
"4410","","","","","","","3.193440055847168","3.193440055847168","3.193440055847168","82","82","82","3.1933698654174805","3.1933698654174805","3.1933698654174805","891","891","891","","","","","",""
"4420","","","","","","","3.0853017807006835","3.0853017807006835","3.0853017807006835","84","84","84","3.085333251953125","3.085333251953125","3.085333251953125","893","893","893","","","","","",""
"4430","","","","","","","3.1365581512451173","3.1365581512451173","3.1365581512451173","86","86","86","3.136495590209961","3.136495590209961","3.136495590209961","895","895","895","","","","","",""
"4440","","","","","","","3.129537582397461","3.129537582397461","3.129537582397461","88","88","88","3.1296056747436523","3.1296056747436523","3.1296056747436523","897","897","897","","","","","",""
"4450","","","","","","","3.121307373046875","3.121307373046875","3.121307373046875","90","90","90","3.121266555786133","3.121266555786133","3.121266555786133","899","899","899","","","","","",""
"4460","","","","","","","3.177220344543457","3.177220344543457","3.177220344543457","92","92","92","3.17728214263916","3.17728214263916","3.17728214263916","901","901","901","","","","","",""
"4470","","","","","","","3.1804922103881834","3.1804922103881834","3.1804922103881834","94","94","94","3.180537223815918","3.180537223815918","3.180537223815918","903","903","903","","","","","",""
"4480","","","","","","","3.178654670715332","3.178654670715332","3.178654670715332","96","96","96","3.178621292114258","3.178621292114258","3.178621292114258","905","905","905","","","","","",""
"4490","","","","","","","3.1257152557373047","3.1257152557373047","3.1257152557373047","98","98","98","3.1256998062133787","3.1256998062133787","3.1256998062133787","907","907","907","","","","","",""
"4500","","","","","","","3.127452850341797","3.127452850341797","3.127452850341797","100","100","100","3.1274124145507813","3.1274124145507813","3.1274124145507813","909","909","909","","","","","",""
"4510","","","","","","","3.212865447998047","3.212865447998047","3.212865447998047","103","103","103","3.2128395080566405","3.2128395080566405","3.2128395080566405","912","912","912","","","","","",""
"4520","","","","","","","3.0721624374389647","3.0721624374389647","3.0721624374389647","105","105","105","3.0721624374389647","3.0721624374389647","3.0721624374389647","914","914","914","","","","","",""
"4530","","","","","","","3.037754249572754","3.037754249572754","3.037754249572754","107","107","107","3.0377845764160156","3.0377845764160156","3.0377845764160156","916","916","916","","","","","",""
"4540","","","","","","","3.174891471862793","3.174891471862793","3.174891471862793","109","109","109","3.174882507324219","3.174882507324219","3.174882507324219","918","918","918","","","","","",""
"4550","","","","","","","3.1234773635864257","3.1234773635864257","3.1234773635864257","111","111","111","3.1235260009765624","3.1235260009765624","3.1235260009765624","920","920","920","","","","","",""
"4560","","","","","","","3.0887052536010744","3.0887052536010744","3.0887052536010744","113","113","113","3.088690185546875","3.088690185546875","3.088690185546875","922","922","922","","","","","",""
"4570","","","","","","","3.127597999572754","3.127597999572754","3.127597999572754","115","115","115","3.1275941848754885","3.1275941848754885","3.1275941848754885","924","924","924","","","","","",""
"4580","","","","","","","3.1620208740234377","3.1620208740234377","3.1620208740234377","117","117","117","3.162021446228027","3.162021446228027","3.162021446228027","926","926","926","","","","","",""
"4590","","","","","","","3.106830596923828","3.106830596923828","3.106830596923828","119","119","119","3.1067279815673827","3.1067279815673827","3.1067279815673827","928","928","928","","","","","",""
"4600","","","","","","","3.1154991149902345","3.1154991149902345","3.1154991149902345","121","121","121","","","","","","","","","","","",""
"4610","","","","","","","3.170668029785156","3.170668029785156","3.170668029785156","123","123","123","","","","","","","","","","","",""
"4620","","","","","","","3.094353675842285","3.094353675842285","3.094353675842285","125","125","125","","","","","","","","","","","",""
"4630","","","","","","","3.0327531814575197","3.0327531814575197","3.0327531814575197","127","127","127","","","","","","","","","","","",""
"4640","","","","","","","3.1043882369995117","3.1043882369995117","3.1043882369995117","129","129","129","","","","","","","","","","","",""
"4650","","","","","","","3.1285533905029297","3.1285533905029297","3.1285533905029297","131","131","131","","","","","","","","","","","",""
"4660","","","","","","","3.136318588256836","3.136318588256836","3.136318588256836","133","133","133","","","","","","","","","","","",""
"4670","","","","","","","3.1531612396240236","3.1531612396240236","3.1531612396240236","135","135","135","","","","","","","","","","","",""
"4680","","","","","","","3.1371007919311524","3.1371007919311524","3.1371007919311524","137","137","137","","","","","","","","","","","",""
"4690","","","","","","","3.133095359802246","3.133095359802246","3.133095359802246","139","139","139","","","","","","","","","","","",""
"4700","","","","","","","3.12396183013916","3.12396183013916","3.12396183013916","141","141","141","","","","","","","","","","","",""
"4710","","","","","","","3.1401329040527344","3.1401329040527344","3.1401329040527344","143","143","143","","","","","","","","","","","",""
"4720","","","","","","","3.073040771484375","3.073040771484375","3.073040771484375","145","145","145","","","","","","","","","","","",""
"4730","","","","","","","3.0539684295654297","3.0539684295654297","3.0539684295654297","147","147","147","","","","","","","","","","","",""
"4740","","","","","","","3.1066190719604494","3.1066190719604494","3.1066190719604494","149","149","149","","","","","","","","","","","",""
"4750","","","","","","","3.1318008422851564","3.1318008422851564","3.1318008422851564","151","151","151","","","","","","","","","","","",""
"4760","","","","","","","3.0982328414916993","3.0982328414916993","3.0982328414916993","153","153","153","","","","","","","","","","","",""
"4770","","","","","","","3.132067108154297","3.132067108154297","3.132067108154297","155","155","155","","","","","","","","","","","",""
"4780","","","","","","","3.0930185317993164","3.0930185317993164","3.0930185317993164","157","157","157","","","","","","","","","","","",""
"4790","","","","","","","3.1729578018188476","3.1729578018188476","3.1729578018188476","159","159","159","","","","","","","","","","","",""
"4800","","","","","","","3.0921173095703125","3.0921173095703125","3.0921173095703125","161","161","161","","","","","","","","","","","",""
"4810","","","","","","","3.169831657409668","3.169831657409668","3.169831657409668","163","163","163","","","","","","","","","","","",""
"4820","","","","","","","3.134449577331543","3.134449577331543","3.134449577331543","165","165","165","","","","","","","","","","","",""
"4830","","","","","","","3.172341156005859","3.172341156005859","3.172341156005859","167","167","167","","","","","","","","","","","",""
"4840","","","","","","","3.175539970397949","3.175539970397949","3.175539970397949","169","169","169","","","","","","","","","","","",""
"4850","","","","","","","3.115635871887207","3.115635871887207","3.115635871887207","171","171","171","","","","","","","","","","","",""
"4860","","","","","","","3.0751630783081056","3.0751630783081056","3.0751630783081056","173","173","173","","","","","","","","","","","",""
"4870","","","","","","","3.203510284423828","3.203510284423828","3.203510284423828","175","175","175","","","","","","","","","","","",""
"4880","","","","","","","3.1640039443969727","3.1640039443969727","3.1640039443969727","177","177","177","","","","","","","","","","","",""
"4890","","","","","","","3.1187711715698243","3.1187711715698243","3.1187711715698243","179","179","179","","","","","","","","","","","",""
"4900","","","","","","","3.1122608184814453","3.1122608184814453","3.1122608184814453","181","181","181","","","","","","","","","","","",""
"4910","","","","","","","3.1729602813720703","3.1729602813720703","3.1729602813720703","183","183","183","","","","","","","","","","","",""
"4920","","","","","","","3.11190128326416","3.11190128326416","3.11190128326416","185","185","185","","","","","","","","","","","",""
"4930","","","","","","","3.1434293746948243","3.1434293746948243","3.1434293746948243","187","187","187","","","","","","","","","","","",""
"4940","","","","","","","3.1611791610717774","3.1611791610717774","3.1611791610717774","189","189","189","","","","","","","","","","","",""
"4950","","","","","","","3.201802444458008","3.201802444458008","3.201802444458008","191","191","191","","","","","","","","","","","",""
"4960","","","","","","","3.110693168640137","3.110693168640137","3.110693168640137","193","193","193","","","","","","","","","","","",""
"4970","","","","","","","3.172444725036621","3.172444725036621","3.172444725036621","195","195","195","","","","","","","","","","","",""
"4980","","","","","","","3.0714683532714844","3.0714683532714844","3.0714683532714844","197","197","197","","","","","","","","","","","",""
"4990","","","","","","","3.1389984130859374","3.1389984130859374","3.1389984130859374","199","199","199","","","","","","","","","","","",""
"5000","","","","","","","3.1545379638671873","3.1545379638671873","3.1545379638671873","201","201","201","","","","","","","","","","","",""
"5010","3.1319692611694334","3.1319692611694334","3.1319692611694334","2","2","2","3.1319610595703127","3.1319610595703127","3.1319610595703127","204","204","204","","","","","","","","","","","",""
"5020","3.10284481048584","3.10284481048584","3.10284481048584","4","4","4","3.102914047241211","3.102914047241211","3.102914047241211","206","206","206","","","","","","","","","","","",""
"5030","3.1008224487304688","3.1008224487304688","3.1008224487304688","6","6","6","3.1008358001708984","3.1008358001708984","3.1008358001708984","208","208","208","","","","","","","","","","","",""
"5040","3.0921586990356444","3.0921586990356444","3.0921586990356444","8","8","8","3.0920719146728515","3.0920719146728515","3.0920719146728515","210","210","210","","","","","","","","","","","",""
"5050","3.1761968612670897","3.1761968612670897","3.1761968612670897","10","10","10","3.1762231826782226","3.1762231826782226","3.1762231826782226","212","212","212","","","","","","","","","","","",""
"5060","3.0957096099853514","3.0957096099853514","3.0957096099853514","12","12","12","3.095747375488281","3.095747375488281","3.095747375488281","214","214","214","","","","","","","","","","","",""
"5070","3.1907470703125","3.1907470703125","3.1907470703125","14","14","14","3.190813446044922","3.190813446044922","3.190813446044922","216","216","216","","","","","","","","","","","",""
"5080","3.204481506347656","3.204481506347656","3.204481506347656","16","16","16","3.2045318603515627","3.2045318603515627","3.2045318603515627","218","218","218","","","","","","","","","","","",""
"5090","3.1639022827148438","3.1639022827148438","3.1639022827148438","18","18","18","3.163970184326172","3.163970184326172","3.163970184326172","220","220","220","","","","","","","","","","","",""
"5100","3.1732662200927733","3.1732662200927733","3.1732662200927733","20","20","20","3.173267936706543","3.173267936706543","3.173267936706543","222","222","222","","","","","","","","","","","",""
"5110","3.0795318603515627","3.0795318603515627","3.0795318603515627","22","22","22","3.079489898681641","3.079489898681641","3.079489898681641","224","224","224","","","","","","","","","","","",""
"5120","3.140313720703125","3.140313720703125","3.140313720703125","24","24","24","3.1402891159057615","3.1402891159057615","3.1402891159057615","226","226","226","","","","","","","","","","","",""
"5130","3.2138179779052733","3.2138179779052733","3.2138179779052733","26","26","26","3.213802719116211","3.213802719116211","3.213802719116211","228","228","228","","","","","","","","","","","",""
"5140","3.159805107116699","3.159805107116699","3.159805107116699","28","28","28","3.159806823730469","3.159806823730469","3.159806823730469","230","230","230","","","","","","","","","","","",""
"5150","3.146035003662109","3.146035003662109","3.146035003662109","30","30","30","3.1460084915161133","3.1460084915161133","3.1460084915161133","232","232","232","","","","","","","","","","","",""
"5160","3.131927490234375","3.131927490234375","3.131927490234375","32","32","32","3.131913185119629","3.131913185119629","3.131913185119629","234","234","234","","","","","","","","","","","",""
"5170","3.1099222183227537","3.1099222183227537","3.1099222183227537","34","34","34","3.1098917007446287","3.1098917007446287","3.1098917007446287","236","236","236","","","","","","","","","","","",""
"5180","3.1517736434936525","3.1517736434936525","3.1517736434936525","36","36","36","3.1517120361328126","3.1517120361328126","3.1517120361328126","238","238","238","","","","","","","","","","","",""
"5190","3.1332345962524415","3.1332345962524415","3.1332345962524415","38","38","38","3.1332609176635744","3.1332609176635744","3.1332609176635744","240","240","240","","","","","","","","","","","",""
"5200","3.1582172393798826","3.1582172393798826","3.1582172393798826","40","40","40","3.1582530975341796","3.1582530975341796","3.1582530975341796","242","242","242","","","","","","","","","","","",""
"5210","3.1625349044799806","3.1625349044799806","3.1625349044799806","42","42","42","3.162533187866211","3.162533187866211","3.162533187866211","244","244","244","","","","","","","","","","","",""
"5220","3.1761142730712892","3.1761142730712892","3.1761142730712892","44","44","44","3.1761207580566406","3.1761207580566406","3.1761207580566406","246","246","246","","","","","","","","","","","",""
"5230","3.140399932861328","3.140399932861328","3.140399932861328","46","46","46","3.1404272079467774","3.1404272079467774","3.1404272079467774","248","248","248","","","","","","","","","","","",""
"5240","3.1551456451416016","3.1551456451416016","3.1551456451416016","48","48","48","3.1552331924438475","3.1552331924438475","3.1552331924438475","250","250","250","","","","","","","","","","","",""
"5250","3.1404897689819338","3.1404897689819338","3.1404897689819338","50","50","50","3.140488624572754","3.140488624572754","3.140488624572754","252","252","252","","","","","","","","","","","",""
"5260","3.2200942993164063","3.2200942993164063","3.2200942993164063","52","52","52","3.220083999633789","3.220083999633789","3.220083999633789","254","254","254","","","","","","","","","","","",""
"5270","3.1589725494384764","3.1589725494384764","3.1589725494384764","54","54","54","3.1590190887451173","3.1590190887451173","3.1590190887451173","256","256","256","","","","","","","","","","","",""
"5280","3.083546447753906","3.083546447753906","3.083546447753906","56","56","56","3.083575439453125","3.083575439453125","3.083575439453125","258","258","258","","","","","","","","","","","",""
"5290","3.131574249267578","3.131574249267578","3.131574249267578","58","58","58","3.1315614700317385","3.1315614700317385","3.1315614700317385","260","260","260","","","","","","","","","","","",""
"5300","3.1811052322387696","3.1811052322387696","3.1811052322387696","60","60","60","3.1811010360717775","3.1811010360717775","3.1811010360717775","262","262","262","","","","","","","","","","","",""
"5310","3.1692089080810546","3.1692089080810546","3.1692089080810546","62","62","62","3.1691818237304688","3.1691818237304688","3.1691818237304688","264","264","264","","","","","","","","","","","",""
"5320","3.152621841430664","3.152621841430664","3.152621841430664","64","64","64","3.1526256561279298","3.1526256561279298","3.1526256561279298","266","266","266","","","","","","","","","","","",""
"5330","3.1290088653564454","3.1290088653564454","3.1290088653564454","66","66","66","3.1290088653564454","3.1290088653564454","3.1290088653564454","268","268","268","","","","","","","","","","","",""
"5340","3.1728374481201174","3.1728374481201174","3.1728374481201174","68","68","68","3.172807502746582","3.172807502746582","3.172807502746582","270","270","270","","","","","","","","","","","",""
"5350","3.117506980895996","3.117506980895996","3.117506980895996","70","70","70","3.1175012588500977","3.1175012588500977","3.1175012588500977","272","272","272","","","","","","","","","","","",""
"5360","3.157193183898926","3.157193183898926","3.157193183898926","72","72","72","3.1571632385253907","3.1571632385253907","3.1571632385253907","274","274","274","","","","","","","","","","","",""
"5370","3.108384704589844","3.108384704589844","3.108384704589844","74","74","74","3.1083423614501955","3.1083423614501955","3.1083423614501955","276","276","276","","","","","","","","","","","",""
"5380","3.1722822189331055","3.1722822189331055","3.1722822189331055","76","76","76","3.1722747802734377","3.1722747802734377","3.1722747802734377","278","278","278","","","","","","","","","","","",""
"5390","3.160367012023926","3.160367012023926","3.160367012023926","78","78","78","3.1604026794433593","3.1604026794433593","3.1604026794433593","280","280","280","","","","","","","","","","","",""
"5400","3.143673324584961","3.143673324584961","3.143673324584961","80","80","80","3.1437057495117187","3.1437057495117187","3.1437057495117187","282","282","282","","","","","","","","","","","",""
"5410","3.1748378753662108","3.1748378753662108","3.1748378753662108","82","82","82","3.174851417541504","3.174851417541504","3.174851417541504","284","284","284","","","","","","","","","","","",""
"5420","3.153240776062012","3.153240776062012","3.153240776062012","84","84","84","3.153237724304199","3.153237724304199","3.153237724304199","286","286","286","","","","","","","","","","","",""
"5430","3.128330421447754","3.128330421447754","3.128330421447754","86","86","86","3.1282627105712892","3.1282627105712892","3.1282627105712892","288","288","288","","","","","","","","","","","",""
"5440","3.1111883163452148","3.1111883163452148","3.1111883163452148","88","88","88","3.111173629760742","3.111173629760742","3.111173629760742","290","290","290","","","","","","","","","","","",""
"5450","3.1046911239624024","3.1046911239624024","3.1046911239624024","90","90","90","3.1046289443969726","3.1046289443969726","3.1046289443969726","292","292","292","","","","","","","","","","","",""
"5460","3.183270072937012","3.183270072937012","3.183270072937012","92","92","92","3.1832447052001953","3.1832447052001953","3.1832447052001953","294","294","294","","","","","","","","","","","",""
"5470","3.200373077392578","3.200373077392578","3.200373077392578","94","94","94","3.200362777709961","3.200362777709961","3.200362777709961","296","296","296","","","","","","","","","","","",""
"5480","3.128195571899414","3.128195571899414","3.128195571899414","96","96","96","3.1282005310058594","3.1282005310058594","3.1282005310058594","298","298","298","","","","","","","","","","","",""
"5490","3.1014190673828126","3.1014190673828126","3.1014190673828126","98","98","98","3.101460838317871","3.101460838317871","3.101460838317871","300","300","300","","","","","","","","","","","",""
"5500","3.138829803466797","3.138829803466797","3.138829803466797","100","100","100","3.138890266418457","3.138890266418457","3.138890266418457","302","302","302","","","","","","","","","","","",""
"5510","3.1809553146362304","3.1809553146362304","3.1809553146362304","103","103","103","","","","","","","","","","","","","","","","","",""
"5520","3.1460899353027343","3.1460899353027343","3.1460899353027343","105","105","105","","","","","","","","","","","","","","","","","",""
"5530","3.132411766052246","3.132411766052246","3.132411766052246","107","107","107","","","","","","","","","","","","","","","","","",""
"5540","3.123765754699707","3.123765754699707","3.123765754699707","109","109","109","","","","","","","","","","","","","","","","","",""
"5550","3.1211963653564454","3.1211963653564454","3.1211963653564454","111","111","111","","","","","","","","","","","","","","","","","",""
"5560","3.1387563705444337","3.1387563705444337","3.1387563705444337","113","113","113","","","","","","","","","","","","","","","","","",""
"5570","3.1740659713745116","3.1740659713745116","3.1740659713745116","115","115","115","","","","","","","","","","","","","","","","","",""
"5580","3.1348251342773437","3.1348251342773437","3.1348251342773437","117","117","117","","","","","","","","","","","","","","","","","",""
"5590","3.166091728210449","3.166091728210449","3.166091728210449","119","119","119","","","","","","","","","","","","","","","","","",""
"5600","3.071201133728027","3.071201133728027","3.071201133728027","121","121","121","","","","","","","","","","","","","","","","","",""
"5610","3.112393379211426","3.112393379211426","3.112393379211426","123","123","123","","","","","","","","","","","","","","","","","",""
"5620","3.148873519897461","3.148873519897461","3.148873519897461","125","125","125","","","","","","","","","","","","","","","","","",""
"5630","3.154374694824219","3.154374694824219","3.154374694824219","127","127","127","","","","","","","","","","","","","","","","","",""
"5640","3.1103788375854493","3.1103788375854493","3.1103788375854493","129","129","129","","","","","","","","","","","","","","","","","",""
"5650","3.164204788208008","3.164204788208008","3.164204788208008","131","131","131","","","","","","","","","","","","","","","","","",""
"5660","3.199264907836914","3.199264907836914","3.199264907836914","133","133","133","","","","","","","","","","","","","","","","","",""
"5670","3.1591821670532227","3.1591821670532227","3.1591821670532227","135","135","135","","","","","","","","","","","","","","","","","",""
"5680","3.134720230102539","3.134720230102539","3.134720230102539","137","137","137","","","","","","","","","","","","","","","","","",""
"5690","3.0903600692749023","3.0903600692749023","3.0903600692749023","139","139","139","","","","","","","","","","","","","","","","","",""
"5700","3.1330047607421876","3.1330047607421876","3.1330047607421876","141","141","141","","","","","","","","","","","","","","","","","",""
"5710","3.1509563446044924","3.1509563446044924","3.1509563446044924","143","143","143","","","","","","","","","","","","","","","","","",""
"5720","3.0337018966674805","3.0337018966674805","3.0337018966674805","145","145","145","","","","","","","","","","","","","","","","","",""
"5730","3.14566707611084","3.14566707611084","3.14566707611084","147","147","147","","","","","","","","","","","","","","","","","",""
"5740","3.1418638229370117","3.1418638229370117","3.1418638229370117","149","149","149","","","","","","","","","","","","","","","","","",""
"5750","3.170982551574707","3.170982551574707","3.170982551574707","151","151","151","","","","","","","","","","","","","","","","","",""
"5760","3.128108596801758","3.128108596801758","3.128108596801758","153","153","153","","","","","","","","","","","","","","","","","",""
"5770","3.120878982543945","3.120878982543945","3.120878982543945","155","155","155","","","","","","","","","","","","","","","","","",""
"5780","3.1653087615966795","3.1653087615966795","3.1653087615966795","157","157","157","","","","","","","","","","","","","","","","","",""
"5790","3.118600273132324","3.118600273132324","3.118600273132324","159","159","159","","","","","","","","","","","","","","","","","",""
"5800","3.143524742126465","3.143524742126465","3.143524742126465","161","161","161","","","","","","","","","","","","","","","","","",""
"5810","3.147344779968262","3.147344779968262","3.147344779968262","163","163","163","","","","","","","","","","","","","","","","","",""
"5820","3.1884510040283205","3.1884510040283205","3.1884510040283205","165","165","165","","","","","","","","","","","","","","","","","",""
"5830","3.0965974807739256","3.0965974807739256","3.0965974807739256","167","167","167","","","","","","","","","","","","","","","","","",""
"5840","3.1557729721069334","3.1557729721069334","3.1557729721069334","169","169","169","","","","","","","","","","","","","","","","","",""
"5850","3.2269344329833984","3.2269344329833984","3.2269344329833984","171","171","171","","","","","","","","","","","","","","","","","",""
"5860","3.146759796142578","3.146759796142578","3.146759796142578","173","173","173","","","","","","","","","","","","","","","","","",""
"5870","3.1398576736450194","3.1398576736450194","3.1398576736450194","175","175","175","","","","","","","","","","","","","","","","","",""
"5880","3.139837646484375","3.139837646484375","3.139837646484375","177","177","177","","","","","","","","","","","","","","","","","",""
"5890","3.1048952102661134","3.1048952102661134","3.1048952102661134","179","179","179","","","","","","","","","","","","","","","","","",""
"5900","3.1256027221679688","3.1256027221679688","3.1256027221679688","181","181","181","","","","","","","","","","","","","","","","","",""
"5910","3.197096252441406","3.197096252441406","3.197096252441406","183","183","183","","","","","","","","","","","","","","","","","",""
"5920","3.1588199615478514","3.1588199615478514","3.1588199615478514","185","185","185","","","","","","","","","","","","","","","","","",""
"5930","3.0991437911987303","3.0991437911987303","3.0991437911987303","187","187","187","","","","","","","","","","","","","","","","","",""
"5940","3.1592166900634764","3.1592166900634764","3.1592166900634764","189","189","189","","","","","","","","","","","","","","","","","",""
"5950","3.166197967529297","3.166197967529297","3.166197967529297","191","191","191","","","","","","","","","","","","","","","","","",""
"5960","3.123412322998047","3.123412322998047","3.123412322998047","193","193","193","","","","","","","","","","","","","","","","","",""
"5970","3.09164981842041","3.09164981842041","3.09164981842041","195","195","195","","","","","","","","","","","","","","","","","",""
"5980","3.1077529907226564","3.1077529907226564","3.1077529907226564","197","197","197","","","","","","","","","","","","","","","","","",""
"5990","3.1208080291748046","3.1208080291748046","3.1208080291748046","199","199","199","","","","","","","","","","","","","","","","","",""
"6000","3.1034368515014648","3.1034368515014648","3.1034368515014648","201","201","201","","","","","","","","","","","","","","","","","",""
"6010","3.2002845764160157","3.2002845764160157","3.2002845764160157","204","204","204","","","","","","","","","","","","","","","","","",""
"6020","3.1572341918945312","3.1572341918945312","3.1572341918945312","206","206","206","","","","","","","","","","","","","","","","","",""
"6030","3.1499404907226562","3.1499404907226562","3.1499404907226562","208","208","208","","","","","","","","","","","","","","","","","",""
"6040","3.2011573791503904","3.2011573791503904","3.2011573791503904","210","210","210","","","","","","","","","","","","","","","","","",""
"6050","3.1695831298828123","3.1695831298828123","3.1695831298828123","212","212","212","","","","","","","","","","","","","","","","","",""
"6060","3.135830879211426","3.135830879211426","3.135830879211426","214","214","214","","","","","","","","","","","","","","","","","",""
"6070","3.0779930114746095","3.0779930114746095","3.0779930114746095","216","216","216","","","","","","","","","","","","","","","","","",""
"6080","3.1498504638671876","3.1498504638671876","3.1498504638671876","218","218","218","","","","","","","","","","","","","","","","","",""
"6090","3.1081493377685545","3.1081493377685545","3.1081493377685545","220","220","220","","","","","","","","","","","","","","","","","",""
"6100","3.070567321777344","3.070567321777344","3.070567321777344","222","222","222","","","","","","","","","","","","","","","","","",""
"6110","3.109314727783203","3.109314727783203","3.109314727783203","224","224","224","","","","","","","","","","","","","","","","","",""
"6120","3.202783203125","3.202783203125","3.202783203125","226","226","226","","","","","","","","","","","","","","","","","",""
"6130","3.110846519470215","3.110846519470215","3.110846519470215","228","228","228","","","","","","","","","","","","","","","","","",""
"6140","3.1230899810791017","3.1230899810791017","3.1230899810791017","230","230","230","","","","","","","","","","","","","","","","","",""
"6150","3.162156105041504","3.162156105041504","3.162156105041504","232","232","232","","","","","","","","","","","","","","","","","",""
"6160","3.136227607727051","3.136227607727051","3.136227607727051","234","234","234","","","","","","","","","","","","","","","","","",""
"6170","3.1334028244018555","3.1334028244018555","3.1334028244018555","236","236","236","","","","","","","","","","","","","","","","","",""
"6180","3.1672563552856445","3.1672563552856445","3.1672563552856445","238","238","238","","","","","","","","","","","","","","","","","",""
"6190","3.1125423431396486","3.1125423431396486","3.1125423431396486","240","240","240","","","","","","","","","","","","","","","","","",""
"6200","3.084683418273926","3.084683418273926","3.084683418273926","242","242","242","","","","","","","","","","","","","","","","","",""
"6210","3.080303192138672","3.080303192138672","3.080303192138672","244","244","244","","","","","","","","","","","","","","","","","",""
"6220","3.1583398818969726","3.1583398818969726","3.1583398818969726","246","246","246","","","","","","","","","","","","","","","","","",""
"6230","3.217531204223633","3.217531204223633","3.217531204223633","248","248","248","","","","","","","","","","","","","","","","","",""
"6240","3.1837392807006837","3.1837392807006837","3.1837392807006837","250","250","250","","","","","","","","","","","","","","","","","",""
"6250","3.1862720489501952","3.1862720489501952","3.1862720489501952","252","252","252","","","","","","","","","","","","","","","","","",""
"6260","3.092255973815918","3.092255973815918","3.092255973815918","254","254","254","","","","","","","","","","","","","","","","","",""
"6270","3.203638458251953","3.203638458251953","3.203638458251953","256","256","256","","","","","","","","","","","","","","","","","",""
"6280","3.182526397705078","3.182526397705078","3.182526397705078","258","258","258","","","","","","","","","","","","","","","","","",""
"6290","3.150722694396973","3.150722694396973","3.150722694396973","260","260","260","","","","","","","","","","","","","","","","","",""
"6300","3.1159339904785157","3.1159339904785157","3.1159339904785157","262","262","262","","","","","","","","","","","","","","","","","",""
"6310","3.140311431884766","3.140311431884766","3.140311431884766","264","264","264","","","","","","","","","","","","","","","","","",""
"6320","3.1506738662719727","3.1506738662719727","3.1506738662719727","266","266","266","","","","","","","","","","","","","","","","","",""
"6330","3.1602041244506838","3.1602041244506838","3.1602041244506838","268","268","268","","","","","","","","","","","","","","","","","",""
"6340","3.140336799621582","3.140336799621582","3.140336799621582","270","270","270","","","","","","","","","","","","","","","","","",""
"6350","3.0765899658203124","3.0765899658203124","3.0765899658203124","272","272","272","","","","","","","","","","","","","","","","","",""
"6360","3.134913444519043","3.134913444519043","3.134913444519043","274","274","274","","","","","","","","","","","","","","","","","",""
"6370","3.2022151947021484","3.2022151947021484","3.2022151947021484","276","276","276","","","","","","","","","","","","","","","","","",""