"train/global_step","glad-glitter-9 - train/ppl","glad-glitter-9 - train/ppl__MIN","glad-glitter-9 - train/ppl__MAX","glad-glitter-9 - _step","glad-glitter-9 - _step__MIN","glad-glitter-9 - _step__MAX","sleek-moon-7 - train/ppl","sleek-moon-7 - train/ppl__MIN","sleek-moon-7 - train/ppl__MAX","sleek-moon-7 - _step","sleek-moon-7 - _step__MIN","sleek-moon-7 - _step__MAX","magic-universe-6 - train/ppl","magic-universe-6 - train/ppl__MIN","magic-universe-6 - train/ppl__MAX","magic-universe-6 - _step","magic-universe-6 - _step__MIN","magic-universe-6 - _step__MAX","visionary-oath-5 - train/ppl","visionary-oath-5 - train/ppl__MIN","visionary-oath-5 - train/ppl__MAX","visionary-oath-5 - _step","visionary-oath-5 - _step__MIN","visionary-oath-5 - _step__MAX"
"0","1","1","1","1","1","1","1","1","1","1","1","1","","","","","","","","","","","",""
"1","","","","","","","","","","","","","25.229783914296753","25.229783914296753","25.229783914296753","2","2","2","30.753100545918677","30.753100545918677","30.753100545918677","2","2","2"
"10","","","","","","","","","","","","","31.565586146259307","31.565586146259307","31.565586146259307","4","4","4","34.023292238461444","34.023292238461444","34.023292238461444","4","4","4"
"20","","","","","","","","","","","","","31.82316223980485","31.82316223980485","31.82316223980485","6","6","6","31.846563797068853","31.846563797068853","31.846563797068853","6","6","6"
"30","","","","","","","","","","","","","32.88409045103963","32.88409045103963","32.88409045103963","8","8","8","31.535800627968275","31.535800627968275","31.535800627968275","8","8","8"
"40","","","","","","","","","","","","","30.607608648953278","30.607608648953278","30.607608648953278","10","10","10","34.359986361806","34.359986361806","34.359986361806","10","10","10"
"50","","","","","","","","","","","","","29.422498699084404","29.422498699084404","29.422498699084404","12","12","12","32.48349012510535","32.48349012510535","32.48349012510535","12","12","12"
"60","","","","","","","","","","","","","29.147051093526684","29.147051093526684","29.147051093526684","14","14","14","28.636118566156195","28.636118566156195","28.636118566156195","14","14","14"
"70","","","","","","","","","","","","","29.72507730037841","29.72507730037841","29.72507730037841","16","16","16","30.018065768491613","30.018065768491613","30.018065768491613","16","16","16"
"80","","","","","","","","","","","","","29.57622714026152","29.57622714026152","29.57622714026152","18","18","18","28.903837752124105","28.903837752124105","28.903837752124105","18","18","18"
"90","","","","","","","","","","","","","26.726673623917456","26.726673623917456","26.726673623917456","20","20","20","26.58988630965928","26.58988630965928","26.58988630965928","20","20","20"
"100","","","","","","","","","","","","","30.922988220772794","30.922988220772794","30.922988220772794","22","22","22","28.389316034459494","28.389316034459494","28.389316034459494","22","22","22"
"110","","","","","","","","","","","","","28.552596974290566","28.552596974290566","28.552596974290566","24","24","24","28.432862991595435","28.432862991595435","28.432862991595435","24","24","24"
"120","","","","","","","","","","","","","29.14650628145559","29.14650628145559","29.14650628145559","26","26","26","30.31218445498701","30.31218445498701","30.31218445498701","26","26","26"
"130","","","","","","","","","","","","","26.503454565262263","26.503454565262263","26.503454565262263","28","28","28","28.423818635806764","28.423818635806764","28.423818635806764","28","28","28"
"140","","","","","","","","","","","","","28.33085280740237","28.33085280740237","28.33085280740237","30","30","30","27.26728722713648","27.26728722713648","27.26728722713648","30","30","30"
"150","","","","","","","","","","","","","26.22191362243995","26.22191362243995","26.22191362243995","32","32","32","27.48330684076552","27.48330684076552","27.48330684076552","32","32","32"
"160","","","","","","","","","","","","","26.402715723311562","26.402715723311562","26.402715723311562","34","34","34","24.99443266552762","24.99443266552762","24.99443266552762","34","34","34"
"170","","","","","","","","","","","","","26.006352512214974","26.006352512214974","26.006352512214974","36","36","36","26.266454159742196","26.266454159742196","26.266454159742196","36","36","36"
"180","","","","","","","","","","","","","26.50709451079552","26.50709451079552","26.50709451079552","38","38","38","26.233049176318342","26.233049176318342","26.233049176318342","38","38","38"
"190","","","","","","","","","","","","","26.563101378174213","26.563101378174213","26.563101378174213","40","40","40","27.4144605899204","27.4144605899204","27.4144605899204","40","40","40"
"200","","","","","","","","","","","","","25.89201134267927","25.89201134267927","25.89201134267927","42","42","42","26.078267246642625","26.078267246642625","26.078267246642625","42","42","42"
"210","","","","","","","","","","","","","25.281959925466243","25.281959925466243","25.281959925466243","44","44","44","26.712719742109098","26.712719742109098","26.712719742109098","44","44","44"
"220","","","","","","","","","","","","","24.399911516519033","24.399911516519033","24.399911516519033","46","46","46","24.022340716694455","24.022340716694455","24.022340716694455","46","46","46"
"230","","","","","","","","","","","","","22.86658829779341","22.86658829779341","22.86658829779341","48","48","48","28.757640930210837","28.757640930210837","28.757640930210837","48","48","48"
"240","","","","","","","","","","","","","26.618779791390704","26.618779791390704","26.618779791390704","50","50","50","28.779051697219543","28.779051697219543","28.779051697219543","50","50","50"
"250","","","","","","","","","","","","","26.14066643636454","26.14066643636454","26.14066643636454","52","52","52","26.178067746773067","26.178067746773067","26.178067746773067","52","52","52"
"260","","","","","","","","","","","","","25.824865692926465","25.824865692926465","25.824865692926465","54","54","54","","","","","",""
"270","","","","","","","","","","","","","27.86799200509918","27.86799200509918","27.86799200509918","56","56","56","","","","","",""
"280","","","","","","","","","","","","","26.570428561306898","26.570428561306898","26.570428561306898","58","58","58","","","","","",""
"290","","","","","","","","","","","","","25.228779387673228","25.228779387673228","25.228779387673228","60","60","60","","","","","",""
"300","","","","","","","","","","","","","26.372960153593844","26.372960153593844","26.372960153593844","62","62","62","","","","","",""
"310","","","","","","","","","","","","","24.98623423772624","24.98623423772624","24.98623423772624","64","64","64","","","","","",""
"320","","","","","","","","","","","","","25.533998374558603","25.533998374558603","25.533998374558603","66","66","66","","","","","",""
"330","","","","","","","","","","","","","27.224839983919445","27.224839983919445","27.224839983919445","68","68","68","","","","","",""
"340","","","","","","","","","","","","","26.30500877834071","26.30500877834071","26.30500877834071","70","70","70","","","","","",""
"350","","","","","","","","","","","","","25.019349502879578","25.019349502879578","25.019349502879578","72","72","72","","","","","",""
"360","","","","","","","","","","","","","24.182667049452856","24.182667049452856","24.182667049452856","74","74","74","","","","","",""
"370","","","","","","","","","","","","","27.223884539076984","27.223884539076984","27.223884539076984","76","76","76","","","","","",""
"380","","","","","","","","","","","","","24.863779206944063","24.863779206944063","24.863779206944063","78","78","78","","","","","",""
"390","","","","","","","","","","","","","25.36006415100753","25.36006415100753","25.36006415100753","80","80","80","","","","","",""
"400","","","","","","","","","","","","","24.605662718971843","24.605662718971843","24.605662718971843","82","82","82","","","","","",""
"410","","","","","","","","","","","","","26.139848755577372","26.139848755577372","26.139848755577372","84","84","84","","","","","",""
"420","","","","","","","","","","","","","25.295976981062353","25.295976981062353","25.295976981062353","86","86","86","","","","","",""
"430","","","","","","","","","","","","","24.34039550804949","24.34039550804949","24.34039550804949","88","88","88","","","","","",""
"440","","","","","","","","","","","","","24.54008360268485","24.54008360268485","24.54008360268485","90","90","90","","","","","",""
"450","","","","","","","","","","","","","24.741858248022226","24.741858248022226","24.741858248022226","92","92","92","","","","","",""
"460","","","","","","","","","","","","","26.77294985605943","26.77294985605943","26.77294985605943","94","94","94","","","","","",""
"470","","","","","","","","","","","","","24.126616702849017","24.126616702849017","24.126616702849017","96","96","96","","","","","",""
"480","","","","","","","","","","","","","24.965368987195962","24.965368987195962","24.965368987195962","98","98","98","","","","","",""
"490","","","","","","","","","","","","","23.433481666812565","23.433481666812565","23.433481666812565","100","100","100","","","","","",""
"500","","","","","","","","","","","","","1","1","1","103","103","103","","","","","",""
"510","","","","","","","","","","","","","23.4802040272066","23.4802040272066","23.4802040272066","105","105","105","","","","","",""
"520","","","","","","","","","","","","","26.74830685363193","26.74830685363193","26.74830685363193","107","107","107","","","","","",""
"530","","","","","","","","","","","","","24.178313262479744","24.178313262479744","24.178313262479744","109","109","109","","","","","",""
"540","","","","","","","","","","","","","23.159709119470758","23.159709119470758","23.159709119470758","111","111","111","","","","","",""
"550","","","","","","","","","","","","","25.133748432093267","25.133748432093267","25.133748432093267","113","113","113","","","","","",""
"560","","","","","","","","","","","","","25.564591952109463","25.564591952109463","25.564591952109463","115","115","115","","","","","",""
"570","","","","","","","","","","","","","26.07854579407554","26.07854579407554","26.07854579407554","117","117","117","","","","","",""
"580","","","","","","","","","","","","","26.483070002811623","26.483070002811623","26.483070002811623","119","119","119","","","","","",""
"590","","","","","","","","","","","","","23.754910535388472","23.754910535388472","23.754910535388472","121","121","121","","","","","",""
"600","","","","","","","","","","","","","24.370074916793534","24.370074916793534","24.370074916793534","123","123","123","","","","","",""
"610","","","","","","","","","","","","","24.744501104735637","24.744501104735637","24.744501104735637","125","125","125","","","","","",""
"620","","","","","","","","","","","","","25.935645227500324","25.935645227500324","25.935645227500324","127","127","127","","","","","",""
"630","","","","","","","","","","","","","23.894786052061928","23.894786052061928","23.894786052061928","129","129","129","","","","","",""
"640","","","","","","","","","","","","","25.194050991885014","25.194050991885014","25.194050991885014","131","131","131","","","","","",""
"650","","","","","","","","","","","","","25.537125249608742","25.537125249608742","25.537125249608742","133","133","133","","","","","",""
"660","","","","","","","","","","","","","24.451349521373825","24.451349521373825","24.451349521373825","135","135","135","","","","","",""
"670","","","","","","","","","","","","","23.865052757816056","23.865052757816056","23.865052757816056","137","137","137","","","","","",""
"680","","","","","","","","","","","","","25.56002836830697","25.56002836830697","25.56002836830697","139","139","139","","","","","",""
"690","","","","","","","","","","","","","24.314591907771334","24.314591907771334","24.314591907771334","141","141","141","","","","","",""
"700","","","","","","","","","","","","","25.491049940675293","25.491049940675293","25.491049940675293","143","143","143","","","","","",""
"710","","","","","","","","","","","","","22.948253747481438","22.948253747481438","22.948253747481438","145","145","145","","","","","",""
"720","","","","","","","","","","","","","24.76100646515315","24.76100646515315","24.76100646515315","147","147","147","","","","","",""
"730","","","","","","","","","","","","","23.90801121755695","23.90801121755695","23.90801121755695","149","149","149","","","","","",""
"740","","","","","","","","","","","","","24.806206962152398","24.806206962152398","24.806206962152398","151","151","151","","","","","",""
"750","","","","","","","","","","","","","24.37904763841496","24.37904763841496","24.37904763841496","153","153","153","","","","","",""
"760","","","","","","","","","","","","","23.745148474677038","23.745148474677038","23.745148474677038","155","155","155","","","","","",""
"770","","","","","","","","","","","","","24.4134861037489","24.4134861037489","24.4134861037489","157","157","157","","","","","",""
"780","","","","","","","","","","","","","24.9871492777075","24.9871492777075","24.9871492777075","159","159","159","","","","","",""
"790","","","","","","","","","","","","","24.960436284741075","24.960436284741075","24.960436284741075","161","161","161","","","","","",""
"800","","","","","","","","","","","","","23.94507698147148","23.94507698147148","23.94507698147148","163","163","163","","","","","",""
"810","","","","","","","","","","","","","25.74104833827393","25.74104833827393","25.74104833827393","165","165","165","","","","","",""
"820","","","","","","","","","","","","","24.028215427985817","24.028215427985817","24.028215427985817","167","167","167","","","","","",""
"830","","","","","","","","","","","","","26.223324064508443","26.223324064508443","26.223324064508443","169","169","169","","","","","",""
"840","","","","","","","","","","","","","23.688824458162127","23.688824458162127","23.688824458162127","171","171","171","","","","","",""
"850","","","","","","","","","","","","","24.519291609506524","24.519291609506524","24.519291609506524","173","173","173","","","","","",""
"860","","","","","","","","","","","","","23.99910799057015","23.99910799057015","23.99910799057015","175","175","175","","","","","",""
"870","","","","","","","","","","","","","23.128561163974688","23.128561163974688","23.128561163974688","177","177","177","","","","","",""
"880","","","","","","","","","","","","","25.57920479952331","25.57920479952331","25.57920479952331","179","179","179","","","","","",""
"890","","","","","","","","","","","","","24.75210089040553","24.75210089040553","24.75210089040553","181","181","181","","","","","",""
"900","","","","","","","","","","","","","22.648999111639892","22.648999111639892","22.648999111639892","183","183","183","","","","","",""
"910","","","","","","","","","","","","","24.71849069522357","24.71849069522357","24.71849069522357","185","185","185","","","","","",""
"920","","","","","","","","","","","","","24.165841974083474","24.165841974083474","24.165841974083474","187","187","187","","","","","",""
"930","","","","","","","","","","","","","24.328996045972268","24.328996045972268","24.328996045972268","189","189","189","","","","","",""
"940","","","","","","","","","","","","","24.47490800976029","24.47490800976029","24.47490800976029","191","191","191","","","","","",""
"950","","","","","","","","","","","","","24.539081964136017","24.539081964136017","24.539081964136017","193","193","193","","","","","",""
"960","","","","","","","","","","","","","22.409416260852524","22.409416260852524","22.409416260852524","195","195","195","","","","","",""
"970","","","","","","","","","","","","","23.758648813432398","23.758648813432398","23.758648813432398","197","197","197","","","","","",""
"980","","","","","","","","","","","","","23.754670399452742","23.754670399452742","23.754670399452742","199","199","199","","","","","",""
"990","","","","","","","","","","","","","24.584908946604738","24.584908946604738","24.584908946604738","201","201","201","","","","","",""
"1000","","","","","","","","","","","","","1","1","1","204","204","204","","","","","",""
"1010","","","","","","","","","","","","","23.796154739931072","23.796154739931072","23.796154739931072","206","206","206","","","","","",""
"1020","","","","","","","","","","","","","24.905537777431665","24.905537777431665","24.905537777431665","208","208","208","","","","","",""
"1030","","","","","","","","","","","","","24.809301496310127","24.809301496310127","24.809301496310127","210","210","210","","","","","",""
"1040","","","","","","","","","","","","","22.515209425244276","22.515209425244276","22.515209425244276","212","212","212","","","","","",""
"1050","","","","","","","","","","","","","25.725911228638804","25.725911228638804","25.725911228638804","214","214","214","","","","","",""
"1060","","","","","","","","","","","","","24.755113128193244","24.755113128193244","24.755113128193244","216","216","216","","","","","",""
"1070","","","","","","","","","","","","","23.43323584109627","23.43323584109627","23.43323584109627","218","218","218","","","","","",""
"1080","","","","","","","","","","","","","25.050903170507503","25.050903170507503","25.050903170507503","220","220","220","","","","","",""
"1090","","","","","","","","","","","","","23.299417138099766","23.299417138099766","23.299417138099766","222","222","222","","","","","",""
"1100","","","","","","","","","","","","","24.52226616077449","24.52226616077449","24.52226616077449","224","224","224","","","","","",""
"1110","","","","","","","","","","","","","24.556621226557468","24.556621226557468","24.556621226557468","226","226","226","","","","","",""
"1120","","","","","","","","","","","","","23.821158259111023","23.821158259111023","23.821158259111023","228","228","228","","","","","",""
"1130","","","","","","","","","","","","","25.37060143090412","25.37060143090412","25.37060143090412","230","230","230","","","","","",""
"1140","","","","","","","","","","","","","22.778778049027867","22.778778049027867","22.778778049027867","232","232","232","","","","","",""
"1150","","","","","","","","","","","","","25.97196058605517","25.97196058605517","25.97196058605517","234","234","234","","","","","",""
"1160","","","","","","","","","","","","","23.91122629804684","23.91122629804684","23.91122629804684","236","236","236","","","","","",""
"1170","","","","","","","","","","","","","23.96412047707795","23.96412047707795","23.96412047707795","238","238","238","","","","","",""
"1180","","","","","","","","","","","","","24.827640033787482","24.827640033787482","24.827640033787482","240","240","240","","","","","",""
"1190","","","","","","","","","","","","","24.601307854033816","24.601307854033816","24.601307854033816","242","242","242","","","","","",""
"1200","","","","","","","","","","","","","24.53470144606675","24.53470144606675","24.53470144606675","244","244","244","","","","","",""
"1210","","","","","","","","","","","","","24.896637204185485","24.896637204185485","24.896637204185485","246","246","246","","","","","",""
"1220","","","","","","","","","","","","","24.337521931803195","24.337521931803195","24.337521931803195","248","248","248","","","","","",""
"1230","","","","","","","","","","","","","25.828668615024032","25.828668615024032","25.828668615024032","250","250","250","","","","","",""
"1240","","","","","","","","","","","","","24.508313214597337","24.508313214597337","24.508313214597337","252","252","252","","","","","",""
"1250","","","","","","","","","","","","","24.770321553205964","24.770321553205964","24.770321553205964","254","254","254","","","","","",""
"1260","","","","","","","","","","","","","24.617323284819843","24.617323284819843","24.617323284819843","256","256","256","","","","","",""
"1270","","","","","","","","","","","","","22.549195444965317","22.549195444965317","22.549195444965317","258","258","258","","","","","",""
"1280","","","","","","","","","","","","","24.815775715178397","24.815775715178397","24.815775715178397","260","260","260","","","","","",""
"1290","","","","","","","","","","","","","25.828924790528436","25.828924790528436","25.828924790528436","262","262","262","","","","","",""
"1300","","","","","","","","","","","","","23.907910895759905","23.907910895759905","23.907910895759905","264","264","264","","","","","",""
"1310","","","","","","","","","","","","","24.025323717402685","24.025323717402685","24.025323717402685","266","266","266","","","","","",""
"1320","","","","","","","","","","","","","25.439079249644116","25.439079249644116","25.439079249644116","268","268","268","","","","","",""
"1330","","","","","","","","","","","","","25.953054021627704","25.953054021627704","25.953054021627704","270","270","270","","","","","",""
"1340","","","","","","","","","","","","","23.99329988841055","23.99329988841055","23.99329988841055","272","272","272","","","","","",""
"1350","","","","","","","","","","","","","24.098644862186408","24.098644862186408","24.098644862186408","274","274","274","","","","","",""
"1360","","","","","","","","","","","","","23.887053109447457","23.887053109447457","23.887053109447457","276","276","276","","","","","",""
"1370","","","","","","","","","","","","","25.86602807617183","25.86602807617183","25.86602807617183","278","278","278","","","","","",""
"1380","","","","","","","","","","","","","24.016462860946987","24.016462860946987","24.016462860946987","280","280","280","","","","","",""
"1390","","","","","","","","","","","","","24.464224790499088","24.464224790499088","24.464224790499088","282","282","282","","","","","",""
"1400","","","","","","","","","","","","","24.7519970266747","24.7519970266747","24.7519970266747","284","284","284","","","","","",""
"1410","","","","","","","","","","","","","23.84047607058192","23.84047607058192","23.84047607058192","286","286","286","","","","","",""
"1420","","","","","","","","","","","","","25.967076639583627","25.967076639583627","25.967076639583627","288","288","288","","","","","",""
"1430","","","","","","","","","","","","","24.622028506982584","24.622028506982584","24.622028506982584","290","290","290","","","","","",""
"1440","","","","","","","","","","","","","24.609924475207027","24.609924475207027","24.609924475207027","292","292","292","","","","","",""
"1450","","","","","","","","","","","","","24.9978176846101","24.9978176846101","24.9978176846101","294","294","294","","","","","",""
"1460","","","","","","","","","","","","","23.95575738507533","23.95575738507533","23.95575738507533","296","296","296","","","","","",""
"1470","","","","","","","","","","","","","22.99989947519445","22.99989947519445","22.99989947519445","298","298","298","","","","","",""
"1480","","","","","","","","","","","","","22.683559162665063","22.683559162665063","22.683559162665063","300","300","300","","","","","",""
"1490","","","","","","","","","","","","","23.991702792355568","23.991702792355568","23.991702792355568","302","302","302","","","","","",""
"1500","","","","","","","","","","","","","1","1","1","305","305","305","","","","","",""
"1510","","","","","","","","","","","","","24.847243253427447","24.847243253427447","24.847243253427447","307","307","307","","","","","",""
"1520","","","","","","","","","","","","","24.137493176248533","24.137493176248533","24.137493176248533","309","309","309","","","","","",""
"1530","","","","","","","","","","","","","25.104762173068274","25.104762173068274","25.104762173068274","311","311","311","","","","","",""
"1540","","","","","","","","","","","","","24.671162977613577","24.671162977613577","24.671162977613577","313","313","313","","","","","",""
"1550","","","","","","","","","","","","","24.093970724127022","24.093970724127022","24.093970724127022","315","315","315","","","","","",""
"1560","","","","","","","","","","","","","22.172071704776645","22.172071704776645","22.172071704776645","317","317","317","","","","","",""
"1570","","","","","","","","","","","","","23.69354653624948","23.69354653624948","23.69354653624948","319","319","319","","","","","",""
"1580","","","","","","","","","","","","","23.240284741927777","23.240284741927777","23.240284741927777","321","321","321","","","","","",""
"1590","","","","","","","","","","","","","22.816077451573484","22.816077451573484","22.816077451573484","323","323","323","","","","","",""
"1600","","","","","","","","","","","","","23.151127771523697","23.151127771523697","23.151127771523697","325","325","325","","","","","",""
"1610","","","","","","","","","","","","","22.530300832220394","22.530300832220394","22.530300832220394","327","327","327","","","","","",""
"1620","","","","","","","","","","","","","24.34873033356829","24.34873033356829","24.34873033356829","329","329","329","","","","","",""
"1630","","","","","","","","","","","","","23.421273949923336","23.421273949923336","23.421273949923336","331","331","331","","","","","",""
"1640","","","","","","","","","","","","","22.913329748321896","22.913329748321896","22.913329748321896","333","333","333","","","","","",""
"1650","","","","","","","","","","","","","22.610532386520273","22.610532386520273","22.610532386520273","335","335","335","","","","","",""
"1660","","","","","","","","","","","","","24.055880692104292","24.055880692104292","24.055880692104292","337","337","337","","","","","",""
"1670","","","","","","","","","","","","","24.020292695652365","24.020292695652365","24.020292695652365","339","339","339","","","","","",""
"1680","","","","","","","","","","","","","24.939954100506768","24.939954100506768","24.939954100506768","341","341","341","","","","","",""
"1690","","","","","","","","","","","","","23.71678201550139","23.71678201550139","23.71678201550139","343","343","343","","","","","",""
"1700","","","","","","","","","","","","","21.703473249036424","21.703473249036424","21.703473249036424","345","345","345","","","","","",""
"1710","","","","","","","","","","","","","21.096778071947945","21.096778071947945","21.096778071947945","347","347","347","","","","","",""
"1720","","","","","","","","","","","","","23.796862796451077","23.796862796451077","23.796862796451077","349","349","349","","","","","",""
"1730","","","","","","","","","","","","","25.57302892599752","25.57302892599752","25.57302892599752","351","351","351","","","","","",""
"1740","","","","","","","","","","","","","24.78384694637956","24.78384694637956","24.78384694637956","353","353","353","","","","","",""
"1750","","","","","","","","","","","","","23.588604624830662","23.588604624830662","23.588604624830662","355","355","355","","","","","",""
"1760","","","","","","","","","","","","","23.924017933715472","23.924017933715472","23.924017933715472","357","357","357","","","","","",""
"1770","","","","","","","","","","","","","22.50781991482266","22.50781991482266","22.50781991482266","359","359","359","","","","","",""
"1780","","","","","","","","","","","","","24.202476525328787","24.202476525328787","24.202476525328787","361","361","361","","","","","",""
"1790","","","","","","","","","","","","","24.785889156575514","24.785889156575514","24.785889156575514","363","363","363","","","","","",""
"1800","","","","","","","","","","","","","22.271229926632852","22.271229926632852","22.271229926632852","365","365","365","","","","","",""
"1810","","","","","","","","","","","","","23.871303331597662","23.871303331597662","23.871303331597662","367","367","367","","","","","",""
"1820","","","","","","","","","","","","","22.044063295260724","22.044063295260724","22.044063295260724","369","369","369","","","","","",""
"1830","","","","","","","","","","","","","24.372738494069445","24.372738494069445","24.372738494069445","371","371","371","","","","","",""
"1840","","","","","","","","","","","","","24.526200044440547","24.526200044440547","24.526200044440547","373","373","373","","","","","",""
"1850","","","","","","","","","","","","","24.0841336384025","24.0841336384025","24.0841336384025","375","375","375","","","","","",""
"1860","","","","","","","","","","","","","23.86651396166892","23.86651396166892","23.86651396166892","377","377","377","","","","","",""
"1870","","","","","","","","","","","","","21.476296624265863","21.476296624265863","21.476296624265863","379","379","379","","","","","",""
"1880","","","","","","","","","","","","","23.690175463809098","23.690175463809098","23.690175463809098","381","381","381","","","","","",""
"1890","","","","","","","","","","","","","23.262028595084335","23.262028595084335","23.262028595084335","383","383","383","","","","","",""
"1900","","","","","","","","","","","","","24.019848293560777","24.019848293560777","24.019848293560777","385","385","385","","","","","",""
"1910","","","","","","","","","","","","","25.479082428202553","25.479082428202553","25.479082428202553","387","387","387","","","","","",""
"1920","","","","","","","","","","","","","22.962041161490735","22.962041161490735","22.962041161490735","389","389","389","","","","","",""
"1930","","","","","","","","","","","","","25.158266708406117","25.158266708406117","25.158266708406117","391","391","391","","","","","",""
"1940","","","","","","","","","","","","","22.072904482836613","22.072904482836613","22.072904482836613","393","393","393","","","","","",""
"1950","","","","","","","","","","","","","23.216391306274403","23.216391306274403","23.216391306274403","395","395","395","","","","","",""
"1960","","","","","","","","","","","","","24.040973353900476","24.040973353900476","24.040973353900476","397","397","397","","","","","",""
"1970","","","","","","","","","","","","","22.596154382895126","22.596154382895126","22.596154382895126","399","399","399","","","","","",""
"1980","","","","","","","","","","","","","21.881260981855135","21.881260981855135","21.881260981855135","401","401","401","","","","","",""
"1990","","","","","","","","","","","","","24.140895669658455","24.140895669658455","24.140895669658455","403","403","403","","","","","",""
"2000","","","","","","","","","","","","","1","1","1","406","406","406","","","","","",""
"2010","","","","","","","","","","","","","24.23046258885039","24.23046258885039","24.23046258885039","408","408","408","","","","","",""
"2020","","","","","","","","","","","","","23.838629974824933","23.838629974824933","23.838629974824933","410","410","410","","","","","",""
"2030","","","","","","","","","","","","","21.949834794296354","21.949834794296354","21.949834794296354","412","412","412","","","","","",""
"2040","","","","","","","","","","","","","24.1818921656154","24.1818921656154","24.1818921656154","414","414","414","","","","","",""
"2050","","","","","","","","","","","","","24.526583643556137","24.526583643556137","24.526583643556137","416","416","416","","","","","",""
"2060","","","","","","","","","","","","","24.40238286988751","24.40238286988751","24.40238286988751","418","418","418","","","","","",""
"2070","","","","","","","","","","","","","22.717327000751805","22.717327000751805","22.717327000751805","420","420","420","","","","","",""
"2080","","","","","","","","","","","","","23.856892600879963","23.856892600879963","23.856892600879963","422","422","422","","","","","",""
"2090","","","","","","","","","","","","","23.249417965112784","23.249417965112784","23.249417965112784","424","424","424","","","","","",""
"2100","","","","","","","","","","","","","23.031344191371012","23.031344191371012","23.031344191371012","426","426","426","","","","","",""
"2110","","","","","","","","","","","","","23.885053068000797","23.885053068000797","23.885053068000797","428","428","428","","","","","",""
"2120","","","","","","","","","","","","","23.947817434869084","23.947817434869084","23.947817434869084","430","430","430","","","","","",""
"2130","","","","","","","","","","","","","24.728742530425997","24.728742530425997","24.728742530425997","432","432","432","","","","","",""
"2140","","","","","","","","","","","","","21.556117208480245","21.556117208480245","21.556117208480245","434","434","434","","","","","",""
"2150","","","","","","","","","","","","","22.122858702865535","22.122858702865535","22.122858702865535","436","436","436","","","","","",""
"2160","","","","","","","","","","","","","25.152086924093602","25.152086924093602","25.152086924093602","438","438","438","","","","","",""
"2170","","","","","","","","","","","","","23.791316917530786","23.791316917530786","23.791316917530786","440","440","440","","","","","",""
"2180","","","","","","","","","","","","","21.980753648931483","21.980753648931483","21.980753648931483","442","442","442","","","","","",""
"2190","","","","","","","","","","","","","23.691770562966543","23.691770562966543","23.691770562966543","444","444","444","","","","","",""
"2200","","","","","","","","","","","","","22.950048400789466","22.950048400789466","22.950048400789466","446","446","446","","","","","",""
"2210","","","","","","","","","","","","","23.827756371560813","23.827756371560813","23.827756371560813","448","448","448","","","","","",""
"2220","","","","","","","","","","","","","25.29341030453982","25.29341030453982","25.29341030453982","450","450","450","","","","","",""
"2230","","","","","","","","","","","","","22.12991499988205","22.12991499988205","22.12991499988205","452","452","452","","","","","",""
"2240","","","","","","","","","","","","","22.279072930690266","22.279072930690266","22.279072930690266","454","454","454","","","","","",""
"2250","","","","","","","","","","","","","23.932894895841816","23.932894895841816","23.932894895841816","456","456","456","","","","","",""
"2260","","","","","","","","","","","","","24.925288077019562","24.925288077019562","24.925288077019562","458","458","458","","","","","",""
"2270","","","","","","","","","","","","","24.77825064021834","24.77825064021834","24.77825064021834","460","460","460","","","","","",""
"2280","","","","","","","","","","","","","22.433822726347657","22.433822726347657","22.433822726347657","462","462","462","","","","","",""
"2290","","","","","","","","","","","","","22.16422409390791","22.16422409390791","22.16422409390791","464","464","464","","","","","",""
"2300","","","","","","","","","","","","","23.6644924451254","23.6644924451254","23.6644924451254","466","466","466","","","","","",""
"2310","","","","","","","","","","","","","24.627392242016853","24.627392242016853","24.627392242016853","468","468","468","","","","","",""
"2320","","","","","","","","","","","","","22.134275666997354","22.134275666997354","22.134275666997354","470","470","470","","","","","",""
"2330","","","","","","","","","","","","","23.620588387175573","23.620588387175573","23.620588387175573","472","472","472","","","","","",""
"2340","","","","","","","","","","","","","23.76633565472527","23.76633565472527","23.76633565472527","474","474","474","","","","","",""
"2350","","","","","","","","","","","","","22.54987500020307","22.54987500020307","22.54987500020307","476","476","476","","","","","",""
"2360","","","","","","","","","","","","","24.739017491876496","24.739017491876496","24.739017491876496","478","478","478","","","","","",""
"2370","","","","","","","","","","","","","22.318431565587694","22.318431565587694","22.318431565587694","480","480","480","","","","","",""
"2380","","","","","","","","","","","","","24.369052329208795","24.369052329208795","24.369052329208795","482","482","482","","","","","",""
"2390","","","","","","","","","","","","","22.389344795802632","22.389344795802632","22.389344795802632","484","484","484","","","","","",""
"2400","","","","","","","","","","","","","24.755292552041954","24.755292552041954","24.755292552041954","486","486","486","","","","","",""
"2410","","","","","","","","","","","","","23.251094256923043","23.251094256923043","23.251094256923043","488","488","488","","","","","",""
"2420","","","","","","","","","","","","","23.692737615879143","23.692737615879143","23.692737615879143","490","490","490","","","","","",""
"2430","","","","","","","","","","","","","24.462283736389843","24.462283736389843","24.462283736389843","492","492","492","","","","","",""
"2440","","","","","","","","","","","","","23.85115531067626","23.85115531067626","23.85115531067626","494","494","494","","","","","",""
"2450","","","","","","","","","","","","","22.85217822943701","22.85217822943701","22.85217822943701","496","496","496","","","","","",""
"2460","","","","","","","","","","","","","23.989657383345108","23.989657383345108","23.989657383345108","498","498","498","","","","","",""
"2470","","","","","","","","","","","","","23.314567251511306","23.314567251511306","23.314567251511306","500","500","500","","","","","",""
"2480","","","","","","","","","","","","","22.829798516781796","22.829798516781796","22.829798516781796","502","502","502","","","","","",""
"2490","","","","","","","","","","","","","22.844943920990506","22.844943920990506","22.844943920990506","504","504","504","","","","","",""
"2500","","","","","","","","","","","","","1","1","1","507","507","507","","","","","",""
"2510","","","","","","","","","","","","","24.337196992998123","24.337196992998123","24.337196992998123","509","509","509","","","","","",""
"2520","","","","","","","","","","","","","23.293569553359706","23.293569553359706","23.293569553359706","511","511","511","","","","","",""
"2530","","","","","","","","","","","","","23.449953393006357","23.449953393006357","23.449953393006357","513","513","513","","","","","",""
"2540","","","","","","","","","","","","","24.889125962584284","24.889125962584284","24.889125962584284","515","515","515","","","","","",""
"2550","","","","","","","","","","","","","23.993775834443547","23.993775834443547","23.993775834443547","517","517","517","","","","","",""
"2560","","","","","","","","","","","","","23.933693755725436","23.933693755725436","23.933693755725436","519","519","519","","","","","",""
"2570","","","","","","","","","","","","","21.793081560472096","21.793081560472096","21.793081560472096","521","521","521","","","","","",""
"2580","","","","","","","","","","","","","24.66570502638723","24.66570502638723","24.66570502638723","523","523","523","","","","","",""
"2590","","","","","","","","","","","","","24.26358506307005","24.26358506307005","24.26358506307005","525","525","525","","","","","",""
"2600","","","","","","","","","","","","","23.590237879818602","23.590237879818602","23.590237879818602","527","527","527","","","","","",""
"2610","","","","","","","","","","","","","25.30790675995204","25.30790675995204","25.30790675995204","529","529","529","","","","","",""
"2620","","","","","","","","","","","","","23.431251451567462","23.431251451567462","23.431251451567462","531","531","531","","","","","",""
"2630","","","","","","","","","","","","","23.862185234632324","23.862185234632324","23.862185234632324","533","533","533","","","","","",""
"2640","","","","","","","","","","","","","22.71729666986824","22.71729666986824","22.71729666986824","535","535","535","","","","","",""
"2650","","","","","","","","","","","","","22.811908787528584","22.811908787528584","22.811908787528584","537","537","537","","","","","",""
"2660","","","","","","","","","","","","","25.799313947468406","25.799313947468406","25.799313947468406","539","539","539","","","","","",""
"2670","","","","","","","","","","","","","23.109718833090625","23.109718833090625","23.109718833090625","541","541","541","","","","","",""
"2680","","","","","","","","","","","","","24.79318954271429","24.79318954271429","24.79318954271429","543","543","543","","","","","",""
"2690","","","","","","","","","","","","","22.71437642873871","22.71437642873871","22.71437642873871","545","545","545","","","","","",""
"2700","","","","","","","","","","","","","22.533893673037515","22.533893673037515","22.533893673037515","547","547","547","","","","","",""
"2710","","","","","","","","","","","","","22.931705781533857","22.931705781533857","22.931705781533857","549","549","549","","","","","",""
"2720","","","","","","","","","","","","","23.116137523430904","23.116137523430904","23.116137523430904","551","551","551","","","","","",""
"2730","","","","","","","","","","","","","24.338900648987522","24.338900648987522","24.338900648987522","553","553","553","","","","","",""
"2740","","","","","","","","","","","","","24.6682456465559","24.6682456465559","24.6682456465559","555","555","555","","","","","",""
"2750","","","","","","","","","","","","","22.129028618908357","22.129028618908357","22.129028618908357","557","557","557","","","","","",""
"2760","","","","","","","","","","","","","22.91964143292724","22.91964143292724","22.91964143292724","559","559","559","","","","","",""
"2770","","","","","","","","","","","","","23.61502503437083","23.61502503437083","23.61502503437083","561","561","561","","","","","",""
"2780","","","","","","","","","","","","","22.788299291646464","22.788299291646464","22.788299291646464","563","563","563","","","","","",""
"2790","","","","","","","","","","","","","23.49416764187829","23.49416764187829","23.49416764187829","565","565","565","","","","","",""
"2800","","","","","","","","","","","","","22.8735807800227","22.8735807800227","22.8735807800227","567","567","567","","","","","",""
"2810","","","","","","","","","","","","","23.081411474711324","23.081411474711324","23.081411474711324","569","569","569","","","","","",""
"2820","","","","","","","","","","","","","22.72359769716489","22.72359769716489","22.72359769716489","571","571","571","","","","","",""
"2830","","","","","","","","","","","","","22.99824567988386","22.99824567988386","22.99824567988386","573","573","573","","","","","",""
"2840","","","","","","","","","","","","","22.8543184548337","22.8543184548337","22.8543184548337","575","575","575","","","","","",""
"2850","","","","","","","","","","","","","23.39215217532383","23.39215217532383","23.39215217532383","577","577","577","","","","","",""
"2860","","","","","","","","","","","","","24.87506865624307","24.87506865624307","24.87506865624307","579","579","579","","","","","",""
"2870","","","","","","","","","","","","","24.848314343745667","24.848314343745667","24.848314343745667","581","581","581","","","","","",""
"2880","","","","","","","","","","","","","23.613962065072133","23.613962065072133","23.613962065072133","583","583","583","","","","","",""
"2890","","","","","","","","","","","","","21.784071696912775","21.784071696912775","21.784071696912775","585","585","585","","","","","",""
"2900","","","","","","","","","","","","","24.594110877200922","24.594110877200922","24.594110877200922","587","587","587","","","","","",""
"2910","","","","","","","","","","","","","23.180586150801467","23.180586150801467","23.180586150801467","589","589","589","","","","","",""
"2920","","","","","","","","","","","","","23.580098229859644","23.580098229859644","23.580098229859644","591","591","591","","","","","",""
"2930","","","","","","","","","","","","","22.780907055002135","22.780907055002135","22.780907055002135","593","593","593","","","","","",""
"2940","","","","","","","","","","","","","24.4558970758949","24.4558970758949","24.4558970758949","595","595","595","","","","","",""
"2950","","","","","","","","","","","","","23.034841189537364","23.034841189537364","23.034841189537364","597","597","597","","","","","",""
"2960","","","","","","","","","","","","","23.943811911298198","23.943811911298198","23.943811911298198","599","599","599","","","","","",""
"2970","","","","","","","","","","","","","22.092924030160344","22.092924030160344","22.092924030160344","601","601","601","","","","","",""
"2980","","","","","","","","","","","","","24.816968518708567","24.816968518708567","24.816968518708567","603","603","603","","","","","",""
"2990","","","","","","","","","","","","","24.002921323159704","24.002921323159704","24.002921323159704","605","605","605","","","","","",""
"3000","","","","","","","","","","","","","1","1","1","608","608","608","","","","","",""
"3010","","","","","","","","","","","","","23.17137831648948","23.17137831648948","23.17137831648948","610","610","610","","","","","",""
"3020","","","","","","","","","","","","","25.543058597658494","25.543058597658494","25.543058597658494","612","612","612","","","","","",""
"3030","","","","","","","","","","","","","23.569576318561673","23.569576318561673","23.569576318561673","614","614","614","","","","","",""
"3040","","","","","","","","","","","","","23.614471023215252","23.614471023215252","23.614471023215252","616","616","616","","","","","",""
"3050","","","","","","","","","","","","","23.29943047013701","23.29943047013701","23.29943047013701","618","618","618","","","","","",""
"3060","","","","","","","","","","","","","23.601133638296307","23.601133638296307","23.601133638296307","620","620","620","","","","","",""
"3070","","","","","","","","","","","","","25.661369399529345","25.661369399529345","25.661369399529345","622","622","622","","","","","",""
"3080","","","","","","","","","","","","","22.872472658382385","22.872472658382385","22.872472658382385","624","624","624","","","","","",""
"3090","","","","","","","","","","","","","22.892798209646138","22.892798209646138","22.892798209646138","626","626","626","","","","","",""
"3100","","","","","","","","","","","","","22.619029837971947","22.619029837971947","22.619029837971947","628","628","628","","","","","",""
"3110","","","","","","","","","","","","","23.34882909079431","23.34882909079431","23.34882909079431","630","630","630","","","","","",""
"3120","","","","","","","","","","","","","21.543091792185688","21.543091792185688","21.543091792185688","632","632","632","","","","","",""
"3130","","","","","","","","","","","","","23.330764040719654","23.330764040719654","23.330764040719654","634","634","634","","","","","",""
"3140","","","","","","","","","","","","","24.668396210038125","24.668396210038125","24.668396210038125","636","636","636","","","","","",""
"3150","","","","","","","","","","","","","23.49598258050273","23.49598258050273","23.49598258050273","638","638","638","","","","","",""
"3160","","","","","","","","","","","","","23.636736285631446","23.636736285631446","23.636736285631446","640","640","640","","","","","",""
"3170","","","","","","","","","","","","","22.641228848034775","22.641228848034775","22.641228848034775","642","642","642","","","","","",""
"3180","","","","","","","","","","","","","23.805828795556764","23.805828795556764","23.805828795556764","644","644","644","","","","","",""
"3190","","","","","","","","","","","","","24.07864481165092","24.07864481165092","24.07864481165092","646","646","646","","","","","",""
"3200","","","","","","","","","","","","","22.75382703711864","22.75382703711864","22.75382703711864","648","648","648","","","","","",""
"3210","","","","","","","","","","","","","23.4012915196793","23.4012915196793","23.4012915196793","650","650","650","","","","","",""
"3220","","","","","","","","","","","","","23.22372995223662","23.22372995223662","23.22372995223662","652","652","652","","","","","",""
"3230","","","","","","","","","","","","","22.52442716995557","22.52442716995557","22.52442716995557","654","654","654","","","","","",""
"3240","","","","","","","","","","","","","22.013210738045657","22.013210738045657","22.013210738045657","656","656","656","","","","","",""
"3250","","","","","","","","","","","","","23.386647086706226","23.386647086706226","23.386647086706226","658","658","658","","","","","",""
"3260","","","","","","","","","","","","","23.678872767921863","23.678872767921863","23.678872767921863","660","660","660","","","","","",""
"3270","","","","","","","","","","","","","22.738546872887756","22.738546872887756","22.738546872887756","662","662","662","","","","","",""
"3280","","","","","","","","","","","","","23.311792550537596","23.311792550537596","23.311792550537596","664","664","664","","","","","",""
"3290","","","","","","","","","","","","","22.13406880083993","22.13406880083993","22.13406880083993","666","666","666","","","","","",""
"3300","","","","","","","","","","","","","22.724044122326948","22.724044122326948","22.724044122326948","668","668","668","","","","","",""
"3310","","","","","","","","","","","","","21.867918136845933","21.867918136845933","21.867918136845933","670","670","670","","","","","",""
"3320","","","","","","","","","","","","","23.758354261087142","23.758354261087142","23.758354261087142","672","672","672","","","","","",""
"3330","","","","","","","","","","","","","24.888366418328044","24.888366418328044","24.888366418328044","674","674","674","","","","","",""
"3340","","","","","","","","","","","","","22.77192747624423","22.77192747624423","22.77192747624423","676","676","676","","","","","",""
"3350","","","","","","","","","","","","","24.20933725404988","24.20933725404988","24.20933725404988","678","678","678","","","","","",""
"3360","","","","","","","","","","","","","24.578194930232637","24.578194930232637","24.578194930232637","680","680","680","","","","","",""
"3370","","","","","","","","","","","","","23.610354631981846","23.610354631981846","23.610354631981846","682","682","682","","","","","",""
"3380","","","","","","","","","","","","","23.821494482360723","23.821494482360723","23.821494482360723","684","684","684","","","","","",""
"3390","","","","","","","","","","","","","23.39892601491167","23.39892601491167","23.39892601491167","686","686","686","","","","","",""
"3400","","","","","","","","","","","","","22.799781350975625","22.799781350975625","22.799781350975625","688","688","688","","","","","",""
"3410","","","","","","","","","","","","","22.913841087412965","22.913841087412965","22.913841087412965","690","690","690","","","","","",""
"3420","","","","","","","","","","","","","22.21643157673995","22.21643157673995","22.21643157673995","692","692","692","","","","","",""
"3430","","","","","","","","","","","","","22.204404718299536","22.204404718299536","22.204404718299536","694","694","694","","","","","",""
"3440","","","","","","","","","","","","","22.730932317079574","22.730932317079574","22.730932317079574","696","696","696","","","","","",""
"3450","","","","","","","","","","","","","23.84425510152685","23.84425510152685","23.84425510152685","698","698","698","","","","","",""
"3460","","","","","","","","","","","","","22.794093943617835","22.794093943617835","22.794093943617835","700","700","700","","","","","",""
"3470","","","","","","","","","","","","","23.646498878202234","23.646498878202234","23.646498878202234","702","702","702","","","","","",""
"3480","","","","","","","","","","","","","22.74859366165318","22.74859366165318","22.74859366165318","704","704","704","","","","","",""
"3490","","","","","","","","","","","","","22.815881620450302","22.815881620450302","22.815881620450302","706","706","706","","","","","",""
"3500","","","","","","","","","","","","","1","1","1","709","709","709","","","","","",""
"3510","","","","","","","","","","","","","22.004118260890394","22.004118260890394","22.004118260890394","711","711","711","","","","","",""
"3520","","","","","","","","","","","","","22.838365304232802","22.838365304232802","22.838365304232802","713","713","713","","","","","",""
"3530","","","","","","","","","","","","","21.880814419844572","21.880814419844572","21.880814419844572","715","715","715","","","","","",""
"3540","","","","","","","","","","","","","24.19608385510392","24.19608385510392","24.19608385510392","717","717","717","","","","","",""
"3550","","","","","","","","","","","","","24.381595935596494","24.381595935596494","24.381595935596494","719","719","719","","","","","",""
"3560","","","","","","","","","","","","","23.19450430316018","23.19450430316018","23.19450430316018","721","721","721","","","","","",""
"3570","","","","","","","","","","","","","24.005604294730933","24.005604294730933","24.005604294730933","723","723","723","","","","","",""
"3580","","","","","","","","","","","","","23.315332130994822","23.315332130994822","23.315332130994822","725","725","725","","","","","",""
"3590","","","","","","","","","","","","","23.627441896464116","23.627441896464116","23.627441896464116","727","727","727","","","","","",""
"3600","","","","","","","","","","","","","22.92681193682141","22.92681193682141","22.92681193682141","729","729","729","","","","","",""
"3610","","","","","","","","","","","","","22.59321093039713","22.59321093039713","22.59321093039713","731","731","731","","","","","",""
"3620","","","","","","","","","","","","","22.307472731773473","22.307472731773473","22.307472731773473","733","733","733","","","","","",""
"3630","","","","","","","","","","","","","24.414268408775662","24.414268408775662","24.414268408775662","735","735","735","","","","","",""
"3640","","","","","","","","","","","","","23.56020048761373","23.56020048761373","23.56020048761373","737","737","737","","","","","",""
"3650","","","","","","","","","","","","","21.762065570343402","21.762065570343402","21.762065570343402","739","739","739","","","","","",""
"3660","","","","","","","","","","","","","22.992671028656833","22.992671028656833","22.992671028656833","741","741","741","","","","","",""
"3670","","","","","","","","","","","","","22.257110136961046","22.257110136961046","22.257110136961046","743","743","743","","","","","",""
"3680","","","","","","","","","","","","","23.07101967782586","23.07101967782586","23.07101967782586","745","745","745","","","","","",""
"3690","","","","","","","","","","","","","22.50098645504576","22.50098645504576","22.50098645504576","747","747","747","","","","","",""
"3700","","","","","","","","","","","","","23.10593281808746","23.10593281808746","23.10593281808746","749","749","749","","","","","",""
"3710","","","","","","","","","","","","","22.624449169461663","22.624449169461663","22.624449169461663","751","751","751","","","","","",""
"3720","","","","","","","","","","","","","24.423918898848324","24.423918898848324","24.423918898848324","753","753","753","","","","","",""
"3730","","","","","","","","","","","","","23.179861061409554","23.179861061409554","23.179861061409554","755","755","755","","","","","",""
"3740","","","","","","","","","","","","","24.157694161137407","24.157694161137407","24.157694161137407","757","757","757","","","","","",""
"3750","","","","","","","","","","","","","24.19613923560825","24.19613923560825","24.19613923560825","759","759","759","","","","","",""
"3760","","","","","","","","","","","","","24.12478065972593","24.12478065972593","24.12478065972593","761","761","761","","","","","",""
"3770","","","","","","","","","","","","","22.976104180474696","22.976104180474696","22.976104180474696","763","763","763","","","","","",""
"3780","","","","","","","","","","","","","22.17353075331891","22.17353075331891","22.17353075331891","765","765","765","","","","","",""
"3790","","","","","","","","","","","","","23.771109455530635","23.771109455530635","23.771109455530635","767","767","767","","","","","",""
"3800","","","","","","","","","","","","","22.716668396387423","22.716668396387423","22.716668396387423","769","769","769","","","","","",""
"3810","","","","","","","","","","","","","22.95359872596814","22.95359872596814","22.95359872596814","771","771","771","","","","","",""
"3820","","","","","","","","","","","","","22.760763331182734","22.760763331182734","22.760763331182734","773","773","773","","","","","",""
"3830","","","","","","","","","","","","","23.118655229981133","23.118655229981133","23.118655229981133","775","775","775","","","","","",""
"3840","","","","","","","","","","","","","25.30830258525857","25.30830258525857","25.30830258525857","777","777","777","","","","","",""
"3850","","","","","","","","","","","","","24.251536973548042","24.251536973548042","24.251536973548042","779","779","779","","","","","",""
"3860","","","","","","","","","","","","","24.019527596128047","24.019527596128047","24.019527596128047","781","781","781","","","","","",""
"3870","","","","","","","","","","","","","22.735038483369003","22.735038483369003","22.735038483369003","783","783","783","","","","","",""
"3880","","","","","","","","","","","","","24.072693489656075","24.072693489656075","24.072693489656075","785","785","785","","","","","",""
"3890","","","","","","","","","","","","","22.14400478119708","22.14400478119708","22.14400478119708","787","787","787","","","","","",""
"3900","","","","","","","","","","","","","22.453784169023784","22.453784169023784","22.453784169023784","789","789","789","","","","","",""
"3910","","","","","","","","","","","","","23.833988084977637","23.833988084977637","23.833988084977637","791","791","791","","","","","",""
"3920","","","","","","","","","","","","","23.727030221930534","23.727030221930534","23.727030221930534","793","793","793","","","","","",""
"3930","","","","","","","","","","","","","24.313808159181765","24.313808159181765","24.313808159181765","795","795","795","","","","","",""
"3940","","","","","","","","","","","","","23.477064813128834","23.477064813128834","23.477064813128834","797","797","797","","","","","",""
"3950","","","","","","","","","","","","","23.749315545713056","23.749315545713056","23.749315545713056","799","799","799","","","","","",""
"3960","","","","","","","","","","","","","23.464060132068326","23.464060132068326","23.464060132068326","801","801","801","","","","","",""
"3970","","","","","","","","","","","","","21.625829213522962","21.625829213522962","21.625829213522962","803","803","803","","","","","",""
"3980","","","","","","","","","","","","","23.50154030145972","23.50154030145972","23.50154030145972","805","805","805","","","","","",""
"3990","","","","","","","","","","","","","23.16306214140961","23.16306214140961","23.16306214140961","807","807","807","","","","","",""
"4000","","","","","","","","","","","","","1","1","1","810","810","810","","","","","",""
"4010","","","","","","","24.740282107153753","24.740282107153753","24.740282107153753","3","3","3","24.74007447931468","24.74007447931468","24.74007447931468","812","812","812","","","","","",""
"4020","","","","","","","25.32676843828306","25.32676843828306","25.32676843828306","5","5","5","25.32720320480907","25.32720320480907","25.32720320480907","814","814","814","","","","","",""
"4030","","","","","","","22.65763634567749","22.65763634567749","22.65763634567749","7","7","7","22.657173939070777","22.657173939070777","22.657173939070777","816","816","816","","","","","",""
"4040","","","","","","","23.325429112650813","23.325429112650813","23.325429112650813","9","9","9","23.32418343360515","23.32418343360515","23.32418343360515","818","818","818","","","","","",""
"4050","","","","","","","24.734091771099","24.734091771099","24.734091771099","11","11","11","24.732733124175333","24.732733124175333","24.732733124175333","820","820","820","","","","","",""
"4060","","","","","","","22.888279375041275","22.888279375041275","22.888279375041275","13","13","13","22.889602187895054","22.889602187895054","22.889602187895054","822","822","822","","","","","",""
"4070","","","","","","","22.453445836735963","22.453445836735963","22.453445836735963","15","15","15","22.45292764147013","22.45292764147013","22.45292764147013","824","824","824","","","","","",""
"4080","","","","","","","24.24409087901326","24.24409087901326","24.24409087901326","17","17","17","24.244063133868977","24.244063133868977","24.244063133868977","826","826","826","","","","","",""
"4090","","","","","","","24.02437516549348","24.02437516549348","24.02437516549348","19","19","19","24.023962763301036","24.023962763301036","24.023962763301036","828","828","828","","","","","",""
"4100","","","","","","","23.534846911250778","23.534846911250778","23.534846911250778","21","21","21","23.536171178669914","23.536171178669914","23.536171178669914","830","830","830","","","","","",""
"4110","","","","","","","22.764327793819422","22.764327793819422","22.764327793819422","23","23","23","22.76513106891715","22.76513106891715","22.76513106891715","832","832","832","","","","","",""
"4120","","","","","","","22.75568461072079","22.75568461072079","22.75568461072079","25","25","25","22.755819160492763","22.755819160492763","22.755819160492763","834","834","834","","","","","",""
"4130","","","","","","","22.221152595395868","22.221152595395868","22.221152595395868","27","27","27","22.220855912981285","22.220855912981285","22.220855912981285","836","836","836","","","","","",""
"4140","","","","","","","23.58797924859108","23.58797924859108","23.58797924859108","29","29","29","23.587349390001044","23.587349390001044","23.587349390001044","838","838","838","","","","","",""
"4150","","","","","","","22.370972413214385","22.370972413214385","22.370972413214385","31","31","31","22.370375051779","22.370375051779","22.370375051779","840","840","840","","","","","",""
"4160","","","","","","","21.353812133865645","21.353812133865645","21.353812133865645","33","33","33","21.35283872902379","21.35283872902379","21.35283872902379","842","842","842","","","","","",""
"4170","","","","","","","22.196744646125143","22.196744646125143","22.196744646125143","35","35","35","22.196846254991033","22.196846254991033","22.196846254991033","844","844","844","","","","","",""
"4180","","","","","","","23.859263446415262","23.859263446415262","23.859263446415262","37","37","37","23.858508026678027","23.858508026678027","23.858508026678027","846","846","846","","","","","",""
"4190","","","","","","","23.116529932507934","23.116529932507934","23.116529932507934","39","39","39","23.1174294121551","23.1174294121551","23.1174294121551","848","848","848","","","","","",""
"4200","","","","","","","23.55557237807321","23.55557237807321","23.55557237807321","41","41","41","23.55584644466906","23.55584644466906","23.55584644466906","850","850","850","","","","","",""
"4210","","","","","","","23.096155517015802","23.096155517015802","23.096155517015802","43","43","43","23.09593085076321","23.09593085076321","23.09593085076321","852","852","852","","","","","",""
"4220","","","","","","","23.101913886118012","23.101913886118012","23.101913886118012","45","45","45","23.10252196909413","23.10252196909413","23.10252196909413","854","854","854","","","","","",""
"4230","","","","","","","23.88835618781808","23.88835618781808","23.88835618781808","47","47","47","23.887226241639624","23.887226241639624","23.887226241639624","856","856","856","","","","","",""
"4240","","","","","","","22.384955225540256","22.384955225540256","22.384955225540256","49","49","49","22.38472466879336","22.38472466879336","22.38472466879336","858","858","858","","","","","",""
"4250","","","","","","","22.106867979584866","22.106867979584866","22.106867979584866","51","51","51","22.106905928571408","22.106905928571408","22.106905928571408","860","860","860","","","","","",""
"4260","","","","","","","22.202723425778558","22.202723425778558","22.202723425778558","53","53","53","22.203286665767063","22.203286665767063","22.203286665767063","862","862","862","","","","","",""
"4270","","","","","","","23.5605105585158","23.5605105585158","23.5605105585158","55","55","55","23.56136889200561","23.56136889200561","23.56136889200561","864","864","864","","","","","",""
"4280","","","","","","","21.99639722324888","21.99639722324888","21.99639722324888","57","57","57","21.996430787113017","21.996430787113017","21.996430787113017","866","866","866","","","","","",""
"4290","","","","","","","21.726174309960147","21.726174309960147","21.726174309960147","59","59","59","21.726074855654506","21.726074855654506","21.726074855654506","868","868","868","","","","","",""
"4300","","","","","","","22.22226307044985","22.22226307044985","22.22226307044985","61","61","61","22.22261487374015","22.22261487374015","22.22261487374015","870","870","870","","","","","",""
"4310","","","","","","","22.394867140939343","22.394867140939343","22.394867140939343","63","63","63","22.39405557407963","22.39405557407963","22.39405557407963","872","872","872","","","","","",""
"4320","","","","","","","22.384425802470563","22.384425802470563","22.384425802470563","65","65","65","22.38753847736561","22.38753847736561","22.38753847736561","874","874","874","","","","","",""
"4330","","","","","","","24.303060831331013","24.303060831331013","24.303060831331013","67","67","67","24.30352437985024","24.30352437985024","24.30352437985024","876","876","876","","","","","",""
"4340","","","","","","","23.466566497929055","23.466566497929055","23.466566497929055","69","69","69","23.466879812485338","23.466879812485338","23.466879812485338","878","878","878","","","","","",""
"4350","","","","","","","24.072179246935818","24.072179246935818","24.072179246935818","71","71","71","24.072647574680847","24.072647574680847","24.072647574680847","880","880","880","","","","","",""
"4360","","","","","","","22.00664916878174","22.00664916878174","22.00664916878174","73","73","73","22.006107706299613","22.006107706299613","22.006107706299613","882","882","882","","","","","",""
"4370","","","","","","","22.711989388834844","22.711989388834844","22.711989388834844","75","75","75","22.713016088501465","22.713016088501465","22.713016088501465","884","884","884","","","","","",""
"4380","","","","","","","22.788394915356395","22.788394915356395","22.788394915356395","77","77","77","22.78739523276473","22.78739523276473","22.78739523276473","886","886","886","","","","","",""
"4390","","","","","","","23.368878154448012","23.368878154448012","23.368878154448012","79","79","79","23.367148801644724","23.367148801644724","23.367148801644724","888","888","888","","","","","",""
"4400","","","","","","","22.308515185256834","22.308515185256834","22.308515185256834","81","81","81","22.30867262124133","22.30867262124133","22.30867262124133","890","890","890","","","","","",""
"4410","","","","","","","24.372124869309427","24.372124869309427","24.372124869309427","83","83","83","24.370414239428076","24.370414239428076","24.370414239428076","892","892","892","","","","","",""
"4420","","","","","","","21.87406701739371","21.87406701739371","21.87406701739371","85","85","85","21.874755432511318","21.874755432511318","21.874755432511318","894","894","894","","","","","",""
"4430","","","","","","","23.024483534406183","23.024483534406183","23.024483534406183","87","87","87","23.02304314393896","23.02304314393896","23.02304314393896","896","896","896","","","","","",""
"4440","","","","","","","22.863404656855323","22.863404656855323","22.863404656855323","89","89","89","22.864961532725392","22.864961532725392","22.864961532725392","898","898","898","","","","","",""
"4450","","","","","","","22.676006271838194","22.676006271838194","22.676006271838194","91","91","91","22.67508071826702","22.67508071826702","22.67508071826702","900","900","900","","","","","",""
"4460","","","","","","","23.980004674759705","23.980004674759705","23.980004674759705","93","93","93","23.98148663917437","23.98148663917437","23.98148663917437","902","902","902","","","","","",""
"4470","","","","","","","24.058592527359203","24.058592527359203","24.058592527359203","95","95","95","24.059675511449555","24.059675511449555","24.059675511449555","904","904","904","","","","","",""
"4480","","","","","","","24.014424501794803","24.014424501794803","24.014424501794803","97","97","97","24.01362294727679","24.01362294727679","24.01362294727679","906","906","906","","","","","",""
"4490","","","","","","","22.776180062337243","22.776180062337243","22.776180062337243","99","99","99","22.775828183916612","22.775828183916612","22.775828183916612","908","908","908","","","","","",""
"4500","","","","","","","1","1","1","102","102","102","1","1","1","911","911","911","","","","","",""
"4510","","","","","","","24.85019123280273","24.85019123280273","24.85019123280273","104","104","104","24.849546628658747","24.849546628658747","24.849546628658747","913","913","913","","","","","",""
"4520","","","","","","","21.58853609460759","21.58853609460759","21.58853609460759","106","106","106","21.58853609460759","21.58853609460759","21.58853609460759","915","915","915","","","","","",""
"4530","","","","","","","20.858347953424573","20.858347953424573","20.858347953424573","108","108","108","20.85898053086564","20.85898053086564","20.85898053086564","917","917","917","","","","","",""
"4540","","","","","","","23.92422327608974","23.92422327608974","23.92422327608974","110","110","110","23.924008807428635","23.924008807428635","23.924008807428635","919","919","919","","","","","",""
"4550","","","","","","","22.7252664186192","22.7252664186192","22.7252664186192","112","112","112","22.726371743147794","22.726371743147794","22.726371743147794","921","921","921","","","","","",""
"4560","","","","","","","21.948641646085598","21.948641646085598","21.948641646085598","114","114","114","21.948310925255335","21.948310925255335","21.948310925255335","923","923","923","","","","","",""
"4570","","","","","","","22.81910216793063","22.81910216793063","22.81910216793063","116","116","116","22.819015120130018","22.819015120130018","22.819015120130018","925","925","925","","","","","",""
"4580","","","","","","","23.618277296889655","23.618277296889655","23.618277296889655","118","118","118","23.618290811380184","23.618290811380184","23.618290811380184","927","927","927","","","","","",""
"4590","","","","","","","22.350095565770307","22.350095565770307","22.350095565770307","120","120","120","","","","","","","","","","","",""
"4600","","","","","","","22.54467993354896","22.54467993354896","22.54467993354896","122","122","122","","","","","","","","","","","",""
"4610","","","","","","","23.823393778480654","23.823393778480654","23.823393778480654","124","124","124","","","","","","","","","","","",""
"4620","","","","","","","22.072967634013235","22.072967634013235","22.072967634013235","126","126","126","","","","","","","","","","","",""
"4630","","","","","","","20.75429434101079","20.75429434101079","20.75429434101079","128","128","128","","","","","","","","","","","",""
"4640","","","","","","","22.295575194342664","22.295575194342664","22.295575194342664","130","130","130","","","","","","","","","","","",""
"4650","","","","","","","22.840913748810813","22.840913748810813","22.840913748810813","132","132","132","","","","","","","","","","","",""
"4660","","","","","","","23.01896838096674","23.01896838096674","23.01896838096674","134","134","134","","","","","","","","","","","",""
"4670","","","","","","","23.409952199666193","23.409952199666193","23.409952199666193","136","136","136","","","","","","","","","","","",""
"4680","","","","","","","23.036980946442355","23.036980946442355","23.036980946442355","138","138","138","","","","","","","","","","","",""
"4690","","","","","","","22.944892433069924","22.944892433069924","22.944892433069924","140","140","140","","","","","","","","","","","",""
"4700","","","","","","","22.73627871743083","22.73627871743083","22.73627871743083","142","142","142","","","","","","","","","","","",""
"4710","","","","","","","23.10693766031801","23.10693766031801","23.10693766031801","144","144","144","","","","","","","","","","","",""
"4720","","","","","","","21.60750637075016","21.60750637075016","21.60750637075016","146","146","146","","","","","","","","","","","",""
"4730","","","","","","","21.19930566658472","21.19930566658472","21.19930566658472","148","148","148","","","","","","","","","","","",""
"4740","","","","","","","22.345368462592035","22.345368462592035","22.345368462592035","150","150","150","","","","","","","","","","","",""
"4750","","","","","","","22.91520908483992","22.91520908483992","22.91520908483992","152","152","152","","","","","","","","","","","",""
"4760","","","","","","","22.15875862298711","22.15875862298711","22.15875862298711","154","154","154","","","","","","","","","","","",""
"4770","","","","","","","22.921311435291198","22.921311435291198","22.921311435291198","156","156","156","","","","","","","","","","","",""
"4780","","","","","","","22.043516707755373","22.043516707755373","22.043516707755373","158","158","158","","","","","","","","","","","",""
"4790","","","","","","","23.878006420691218","23.878006420691218","23.878006420691218","160","160","160","","","","","","","","","","","",""
"4800","","","","","","","22.02365954969305","22.02365954969305","22.02365954969305","162","162","162","","","","","","","","","","","",""
"4810","","","","","","","23.80347688016675","23.80347688016675","23.80347688016675","164","164","164","","","","","","","","","","","",""
"4820","","","","","","","22.97598585748895","22.97598585748895","22.97598585748895","166","166","166","","","","","","","","","","","",""
"4830","","","","","","","23.86328668690693","23.86328668690693","23.86328668690693","168","168","168","","","","","","","","","","","",""
"4840","","","","","","","23.93974313159691","23.93974313159691","23.93974313159691","170","170","170","","","","","","","","","","","",""
"4850","","","","","","","22.547763284849882","22.547763284849882","22.547763284849882","172","172","172","","","","","","","","","","","",""
"4860","","","","","","","21.653412825524786","21.653412825524786","21.653412825524786","174","174","174","","","","","","","","","","","",""
"4870","","","","","","","24.618797678853074","24.618797678853074","24.618797678853074","176","176","176","","","","","","","","","","","",""
"4880","","","","","","","23.66516047382638","23.66516047382638","23.66516047382638","178","178","178","","","","","","","","","","","",""
"4890","","","","","","","22.618568219263153","22.618568219263153","22.618568219263153","180","180","180","","","","","","","","","","","",""
"4900","","","","","","","22.4717916558516","22.4717916558516","22.4717916558516","182","182","182","","","","","","","","","","","",""
"4910","","","","","","","23.878065627552395","23.878065627552395","23.878065627552395","184","184","184","","","","","","","","","","","",""
"4920","","","","","","","22.463713707596284","22.463713707596284","22.463713707596284","186","186","186","","","","","","","","","","","",""
"4930","","","","","","","23.18323468830876","23.18323468830876","23.18323468830876","188","188","188","","","","","","","","","","","",""
"4940","","","","","","","23.598405851192776","23.598405851192776","23.598405851192776","190","190","190","","","","","","","","","","","",""
"4950","","","","","","","24.576788594873683","24.576788594873683","24.576788594873683","192","192","192","","","","","","","","","","","",""
"4960","","","","","","","22.436591353311538","22.436591353311538","22.436591353311538","194","194","194","","","","","","","","","","","",""
"4970","","","","","","","23.8657583123696","23.8657583123696","23.8657583123696","196","196","196","","","","","","","","","","","",""
"4980","","","","","","","21.573557032471534","21.573557032471534","21.573557032471534","198","198","198","","","","","","","","","","","",""
"4990","","","","","","","23.080737912770577","23.080737912770577","23.080737912770577","200","200","200","","","","","","","","","","","",""
"5000","","","","","","","1","1","1","203","203","203","","","","","","","","","","","",""
"5010","22.919068763799253","22.919068763799253","22.919068763799253","3","3","3","22.918880791555868","22.918880791555868","22.918880791555868","205","205","205","","","","","","","","","","","",""
"5020","22.261190154667013","22.261190154667013","22.261190154667013","5","5","5","22.2627315006023","22.2627315006023","22.2627315006023","207","207","207","","","","","","","","","","","",""
"5030","22.216215467941037","22.216215467941037","22.216215467941037","7","7","7","22.21651208839858","22.21651208839858","22.21651208839858","209","209","209","","","","","","","","","","","",""
"5040","22.024571116050957","22.024571116050957","22.024571116050957","9","9","9","22.022659810617775","22.022659810617775","22.022659810617775","211","211","211","","","","","","","","","","","",""
"5050","23.95547409646755","23.95547409646755","23.95547409646755","11","11","11","23.956104646648576","23.956104646648576","23.956104646648576","213","213","213","","","","","","","","","","","",""
"5060","22.102917424850276","22.102917424850276","22.102917424850276","13","13","13","22.103752168405194","22.103752168405194","22.103752168405194","215","215","215","","","","","","","","","","","",""
"5070","24.306579385719083","24.306579385719083","24.306579385719083","15","15","15","24.308192806273876","24.308192806273876","24.308192806273876","217","217","217","","","","","","","","","","","",""
"5080","24.64271960976854","24.64271960976854","24.64271960976854","17","17","17","24.643960500609687","24.643960500609687","24.643960500609687","219","219","219","","","","","","","","","","","",""
"5090","23.662754756091484","23.662754756091484","23.662754756091484","19","19","19","23.664361549819215","23.664361549819215","23.664361549819215","221","221","221","","","","","","","","","","","",""
"5100","23.88537196999289","23.88537196999289","23.88537196999289","21","21","21","23.885412971986504","23.885412971986504","23.885412971986504","223","223","223","","","","","","","","","","","",""
"5110","21.748218809205163","21.748218809205163","21.748218809205163","23","23","23","21.74730623677277","21.74730623677277","21.74730623677277","225","225","225","","","","","","","","","","","",""
"5120","23.111116157146053","23.111116157146053","23.111116157146053","25","25","25","23.110547519811792","23.110547519811792","23.110547519811792","227","227","227","","","","","","","","","","","",""
"5130","24.87387306018612","24.87387306018612","24.87387306018612","27","27","27","24.87349351789961","24.87349351789961","24.87349351789961","229","229","229","","","","","","","","","","","",""
"5140","23.56600263528106","23.56600263528106","23.56600263528106","29","29","29","23.566043089040406","23.566043089040406","23.566043089040406","231","231","231","","","","","","","","","","","",""
"5150","23.243720363560463","23.243720363560463","23.243720363560463","31","31","31","23.243104130821557","23.243104130821557","23.243104130821557","233","233","233","","","","","","","","","","","",""
"5160","22.918111432860762","22.918111432860762","22.918111432860762","33","33","33","22.91778358899188","22.91778358899188","22.91778358899188","235","235","235","","","","","","","","","","","",""
"5170","22.41930052212902","22.41930052212902","22.41930052212902","35","35","35","22.418616349813526","22.418616349813526","22.418616349813526","237","237","237","","","","","","","","","","","",""
"5180","23.37749116719172","23.37749116719172","23.37749116719172","37","37","37","23.376050986021188","23.376050986021188","23.376050986021188","239","239","239","","","","","","","","","","","",""
"5190","22.94808742086664","22.94808742086664","22.94808742086664","39","39","39","22.948691454859834","22.948691454859834","22.948691454859834","241","241","241","","","","","","","","","","","",""
"5200","23.5286126330559","23.5286126330559","23.5286126330559","41","41","41","23.5294563408049","23.5294563408049","23.5294563408049","243","243","243","","","","","","","","","","","",""
"5210","23.630420931582986","23.630420931582986","23.630420931582986","43","43","43","23.630380367311844","23.630380367311844","23.630380367311844","245","245","245","","","","","","","","","","","",""
"5220","23.953495738778","23.953495738778","23.953495738778","45","45","45","23.953651077350663","23.953651077350663","23.953651077350663","247","247","247","","","","","","","","","","","",""
"5230","23.113108702238012","23.113108702238012","23.113108702238012","47","47","47","23.113739122850216","23.113739122850216","23.113739122850216","249","249","249","","","","","","","","","","","",""
"5240","23.456453161100125","23.456453161100125","23.456453161100125","49","49","49","23.458506800188605","23.458506800188605","23.458506800188605","251","251","251","","","","","","","","","","","",""
"5250","23.115185187529253","23.115185187529253","23.115185187529253","51","51","51","23.115158734314267","23.115158734314267","23.115158734314267","253","253","253","","","","","","","","","","","",""
"5260","25.030480427244886","25.030480427244886","25.030480427244886","53","53","53","25.030222622568377","25.030222622568377","25.030222622568377","255","255","255","","","","","","","","","","","",""
"5270","23.546390743990216","23.546390743990216","23.546390743990216","55","55","55","23.54748660218938","23.54748660218938","23.54748660218938","257","257","257","","","","","","","","","","","",""
"5280","21.83570442628832","21.83570442628832","21.83570442628832","57","57","57","21.83633748964003","21.83633748964003","21.83633748964003","259","259","259","","","","","","","","","","","",""
"5290","22.9100172467043","22.9100172467043","22.9100172467043","59","59","59","22.90972447606151","22.90972447606151","22.90972447606151","261","261","261","","","","","","","","","","","",""
"5300","24.073345491755582","24.073345491755582","24.073345491755582","61","61","61","24.073244476189778","24.073244476189778","24.073244476189778","263","263","263","","","","","","","","","","","",""
"5310","23.78865789565621","23.78865789565621","23.78865789565621","63","63","63","23.788013604030947","23.788013604030947","23.788013604030947","265","265","265","","","","","","","","","","","",""
"5320","23.39732831869843","23.39732831869843","23.39732831869843","65","65","65","23.397417572593028","23.397417572593028","23.397417572593028","267","267","267","","","","","","","","","","","",""
"5330","22.8513195802721","22.8513195802721","22.8513195802721","67","67","67","22.8513195802721","22.8513195802721","22.8513195802721","269","269","269","","","","","","","","","","","",""
"5340","23.875132787229862","23.875132787229862","23.875132787229862","69","69","69","23.87441784816495","23.87441784816495","23.87441784816495","271","271","271","","","","","","","","","","","",""
"5350","22.589992102900723","22.589992102900723","22.589992102900723","71","71","71","22.58986284229888","22.58986284229888","22.58986284229888","273","273","273","","","","","","","","","","","",""
"5360","23.50453036122551","23.50453036122551","23.50453036122551","73","73","73","23.503826519822525","23.503826519822525","23.503826519822525","275","275","275","","","","","","","","","","","",""
"5370","22.38485702515404","22.38485702515404","22.38485702515404","75","75","75","22.383909200094102","22.383909200094102","22.383909200094102","277","277","277","","","","","","","","","","","",""
"5380","23.861880296088003","23.861880296088003","23.861880296088003","77","77","77","23.86170279634163","23.86170279634163","23.86170279634163","279","279","279","","","","","","","","","","","",""
"5390","23.579248208833423","23.579248208833423","23.579248208833423","79","79","79","23.580089234767737","23.580089234767737","23.580089234767737","281","281","281","","","","","","","","","","","",""
"5400","23.188890925755185","23.188890925755185","23.188890925755185","81","81","81","23.189642836035297","23.189642836035297","23.189642836035297","283","283","283","","","","","","","","","","","",""
"5410","23.922941055900253","23.922941055900253","23.922941055900253","83","83","83","23.923265026755193","23.923265026755193","23.923265026755193","285","285","285","","","","","","","","","","","",""
"5420","23.411814217925794","23.411814217925794","23.411814217925794","85","85","85","23.411742770847866","23.411742770847866","23.411742770847866","287","287","287","","","","","","","","","","","",""
"5430","22.835821499580987","22.835821499580987","22.835821499580987","87","87","87","22.834275318439687","22.834275318439687","22.834275318439687","289","289","289","","","","","","","","","","","",""
"5440","22.44770353088748","22.44770353088748","22.44770353088748","89","89","89","22.447373853214284","22.447373853214284","22.447373853214284","291","291","291","","","","","","","","","","","",""
"5450","22.30232925620619","22.30232925620619","22.30232925620619","91","91","91","22.300942550177798","22.300942550177798","22.300942550177798","293","293","293","","","","","","","","","","","",""
"5460","24.12551690083855","24.12551690083855","24.12551690083855","93","93","93","24.124904898837837","24.124904898837837","24.124904898837837","295","295","295","","","","","","","","","","","",""
"5470","24.54168443702243","24.54168443702243","24.54168443702243","95","95","95","24.541431666763568","24.541431666763568","24.541431666763568","297","297","297","","","","","","","","","","","",""
"5480","22.832742306984322","22.832742306984322","22.832742306984322","97","97","97","22.832855537264628","22.832855537264628","22.832855537264628","299","299","299","","","","","","","","","","","",""
"5490","22.229474031233497","22.229474031233497","22.229474031233497","99","99","99","22.230402596543023","22.230402596543023","22.230402596543023","301","301","301","","","","","","","","","","","",""
"5500","1","1","1","102","102","102","","","","","","","","","","","","","","","","","",""
"5510","24.06973674402852","24.06973674402852","24.06973674402852","104","104","104","","","","","","","","","","","","","","","","","",""
"5520","23.244997214323696","23.244997214323696","23.244997214323696","106","106","106","","","","","","","","","","","","","","","","","",""
"5530","22.92921280786574","22.92921280786574","22.92921280786574","108","108","108","","","","","","","","","","","","","","","","","",""
"5540","22.731821128615902","22.731821128615902","22.731821128615902","110","110","110","","","","","","","","","","","","","","","","","",""
"5550","22.673489200463514","22.673489200463514","22.673489200463514","112","112","112","","","","","","","","","","","","","","","","","",""
"5560","23.07515206833965","23.07515206833965","23.07515206833965","114","114","114","","","","","","","","","","","","","","","","","",""
"5570","23.904481967444603","23.904481967444603","23.904481967444603","116","116","116","","","","","","","","","","","","","","","","","",""
"5580","22.984616269068415","22.984616269068415","22.984616269068415","118","118","118","","","","","","","","","","","","","","","","","",""
"5590","23.714619825057962","23.714619825057962","23.714619825057962","120","120","120","","","","","","","","","","","","","","","","","",""
"5600","21.56779292658574","21.56779292658574","21.56779292658574","122","122","122","","","","","","","","","","","","","","","","","",""
"5610","22.474770730407254","22.474770730407254","22.474770730407254","124","124","124","","","","","","","","","","","","","","","","","",""
"5620","23.30979176919881","23.30979176919881","23.30979176919881","126","126","126","","","","","","","","","","","","","","","","","",""
"5630","23.438376370140116","23.438376370140116","23.438376370140116","128","128","128","","","","","","","","","","","","","","","","","",""
"5640","22.429539944184352","22.429539944184352","22.429539944184352","130","130","130","","","","","","","","","","","","","","","","","",""
"5650","23.66991395218208","23.66991395218208","23.66991395218208","132","132","132","","","","","","","","","","","","","","","","","",""
"5660","24.514503153001964","24.514503153001964","24.514503153001964","134","134","134","","","","","","","","","","","","","","","","","",""
"5670","23.551326999598846","23.551326999598846","23.551326999598846","136","136","136","","","","","","","","","","","","","","","","","",""
"5680","22.982205213332623","22.982205213332623","22.982205213332623","138","138","138","","","","","","","","","","","","","","","","","",""
"5690","21.984992671128424","21.984992671128424","21.984992671128424","140","140","140","","","","","","","","","","","","","","","","","",""
"5700","22.942813741547514","22.942813741547514","22.942813741547514","142","142","142","","","","","","","","","","","","","","","","","",""
"5710","23.358392575321503","23.358392575321503","23.358392575321503","144","144","144","","","","","","","","","","","","","","","","","",""
"5720","20.77399359873928","20.77399359873928","20.77399359873928","146","146","146","","","","","","","","","","","","","","","","","",""
"5730","23.235169931510928","23.235169931510928","23.235169931510928","148","148","148","","","","","","","","","","","","","","","","","",""
"5740","23.146968530171726","23.146968530171726","23.146968530171726","150","150","150","","","","","","","","","","","","","","","","","",""
"5750","23.830887933400767","23.830887933400767","23.830887933400767","152","152","152","","","","","","","","","","","","","","","","","",""
"5760","22.83075651335097","22.83075651335097","22.83075651335097","154","154","154","","","","","","","","","","","","","","","","","",""
"5770","22.666294166542325","22.666294166542325","22.666294166542325","156","156","156","","","","","","","","","","","","","","","","","",""
"5780","23.696059336546313","23.696059336546313","23.696059336546313","158","158","158","","","","","","","","","","","","","","","","","",""
"5790","22.614703071579246","22.614703071579246","22.614703071579246","160","160","160","","","","","","","","","","","","","","","","","",""
"5800","23.185445719286605","23.185445719286605","23.185445719286605","162","162","162","","","","","","","","","","","","","","","","","",""
"5810","23.274184383930407","23.274184383930407","23.274184383930407","164","164","164","","","","","","","","","","","","","","","","","",""
"5820","24.25083389047435","24.25083389047435","24.25083389047435","166","166","166","","","","","","","","","","","","","","","","","",""
"5830","22.122550674178584","22.122550674178584","22.122550674178584","168","168","168","","","","","","","","","","","","","","","","","",""
"5840","23.471172643160408","23.471172643160408","23.471172643160408","170","170","170","","","","","","","","","","","","","","","","","",""
"5850","25.202279152403694","25.202279152403694","25.202279152403694","172","172","172","","","","","","","","","","","","","","","","","",""
"5860","23.26057334401707","23.26057334401707","23.26057334401707","174","174","174","","","","","","","","","","","","","","","","","",""
"5870","23.10057880356023","23.10057880356023","23.10057880356023","176","176","176","","","","","","","","","","","","","","","","","",""
"5880","23.10011616919019","23.10011616919019","23.10011616919019","178","178","178","","","","","","","","","","","","","","","","","",""
"5890","22.306881320639434","22.306881320639434","22.306881320639434","180","180","180","","","","","","","","","","","","","","","","","",""
"5900","22.773617121710124","22.773617121710124","22.773617121710124","182","182","182","","","","","","","","","","","","","","","","","",""
"5910","24.46139724848757","24.46139724848757","24.46139724848757","184","184","184","","","","","","","","","","","","","","","","","",""
"5920","23.54279812399688","23.54279812399688","23.54279812399688","186","186","186","","","","","","","","","","","","","","","","","",""
"5930","22.178953334449623","22.178953334449623","22.178953334449623","188","188","188","","","","","","","","","","","","","","","","","",""
"5940","23.55214007633719","23.55214007633719","23.55214007633719","190","190","190","","","","","","","","","","","","","","","","","",""
"5950","23.717139383950656","23.717139383950656","23.717139383950656","192","192","192","","","","","","","","","","","","","","","","","",""
"5960","22.723788401986326","22.723788401986326","22.723788401986326","194","194","194","","","","","","","","","","","","","","","","","",""
"5970","22.013366090003228","22.013366090003228","22.013366090003228","196","196","196","","","","","","","","","","","","","","","","","",""
"5980","22.370720666093376","22.370720666093376","22.370720666093376","198","198","198","","","","","","","","","","","","","","","","","",""
"5990","22.664685973659306","22.664685973659306","22.664685973659306","200","200","200","","","","","","","","","","","","","","","","","",""
"6000","1","1","1","203","203","203","","","","","","","","","","","","","","","","","",""
"6010","24.539512570090857","24.539512570090857","24.539512570090857","205","205","205","","","","","","","","","","","","","","","","","",""
"6020","23.505494254666804","23.505494254666804","23.505494254666804","207","207","207","","","","","","","","","","","","","","","","","",""
"6030","23.33467590992327","23.33467590992327","23.33467590992327","209","209","209","","","","","","","","","","","","","","","","","",""
"6040","24.56094007339373","24.56094007339373","24.56094007339373","211","211","211","","","","","","","","","","","","","","","","","",""
"6050","23.797561795988226","23.797561795988226","23.797561795988226","213","213","213","","","","","","","","","","","","","","","","","",""
"6060","23.00774455907354","23.00774455907354","23.00774455907354","215","215","215","","","","","","","","","","","","","","","","","",""
"6070","21.71477732440982","21.71477732440982","21.71477732440982","217","217","217","","","","","","","","","","","","","","","","","",""
"6080","23.332575256986726","23.332575256986726","23.332575256986726","219","219","219","","","","","","","","","","","","","","","","","",""
"6090","22.379588992495382","22.379588992495382","22.379588992495382","221","221","221","","","","","","","","","","","","","","","","","",""
"6100","21.554127332844796","21.554127332844796","21.554127332844796","223","223","223","","","","","","","","","","","","","","","","","",""
"6110","22.40568514518355","22.40568514518355","22.40568514518355","225","225","225","","","","","","","","","","","","","","","","","",""
"6120","24.600904317213732","24.600904317213732","24.600904317213732","227","227","227","","","","","","","","","","","","","","","","","",""
"6130","22.44003228704797","22.44003228704797","22.44003228704797","229","229","229","","","","","","","","","","","","","","","","","",""
"6140","22.716464752850097","22.716464752850097","22.716464752850097","231","231","231","","","","","","","","","","","","","","","","","",""
"6150","23.62147143654199","23.62147143654199","23.62147143654199","233","233","233","","","","","","","","","","","","","","","","","",""
"6160","23.016874198294705","23.016874198294705","23.016874198294705","235","235","235","","","","","","","","","","","","","","","","","",""
"6170","22.951948259887835","22.951948259887835","22.951948259887835","237","237","237","","","","","","","","","","","","","","","","","",""
"6180","23.742254602365577","23.742254602365577","23.742254602365577","239","239","239","","","","","","","","","","","","","","","","","",""
"6190","22.47811890991396","22.47811890991396","22.47811890991396","241","241","241","","","","","","","","","","","","","","","","","",""
"6200","21.860545097384275","21.860545097384275","21.860545097384275","243","243","243","","","","","","","","","","","","","","","","","",""
"6210","21.76500037293046","21.76500037293046","21.76500037293046","245","245","245","","","","","","","","","","","","","","","","","",""
"6220","23.531498418289218","23.531498418289218","23.531498418289218","247","247","247","","","","","","","","","","","","","","","","","",""
"6230","24.966407073818175","24.966407073818175","24.966407073818175","249","249","249","","","","","","","","","","","","","","","","","",""
"6240","24.136839436774178","24.136839436774178","24.136839436774178","251","251","251","","","","","","","","","","","","","","","","","",""
"6250","24.198049940631872","24.198049940631872","24.198049940631872","253","253","253","","","","","","","","","","","","","","","","","",""
"6260","22.02671365557273","22.02671365557273","22.02671365557273","255","255","255","","","","","","","","","","","","","","","","","",""
"6270","24.621953366629377","24.621953366629377","24.621953366629377","257","257","257","","","","","","","","","","","","","","","","","",""
"6280","24.10758202115128","24.10758202115128","24.10758202115128","259","259","259","","","","","","","","","","","","","","","","","",""
"6290","23.352935519594887","23.352935519594887","23.352935519594887","261","261","261","","","","","","","","","","","","","","","","","",""
"6300","22.554486194339887","22.554486194339887","22.554486194339887","263","263","263","","","","","","","","","","","","","","","","","",""
"6310","23.111063260059623","23.111063260059623","23.111063260059623","265","265","265","","","","","","","","","","","","","","","","","",""
"6320","23.35179526737863","23.35179526737863","23.35179526737863","267","267","267","","","","","","","","","","","","","","","","","",""
"6330","23.5754077551034","23.5754077551034","23.5754077551034","269","269","269","","","","","","","","","","","","","","","","","",""
"6340","23.111649542866246","23.111649542866246","23.111649542866246","271","271","271","","","","","","","","","","","","","","","","","",""
"6350","21.684331863630916","21.684331863630916","21.684331863630916","273","273","273","","","","","","","","","","","","","","","","","",""
"6360","22.986646135714192","22.986646135714192","22.986646135714192","275","275","275","","","","","","","","","","","","","","","","","",""