"train/global_step","glad-glitter-9 - train/step_time","glad-glitter-9 - train/step_time__MIN","glad-glitter-9 - train/step_time__MAX","glad-glitter-9 - _step","glad-glitter-9 - _step__MIN","glad-glitter-9 - _step__MAX","sleek-moon-7 - train/step_time","sleek-moon-7 - train/step_time__MIN","sleek-moon-7 - train/step_time__MAX","sleek-moon-7 - _step","sleek-moon-7 - _step__MIN","sleek-moon-7 - _step__MAX","magic-universe-6 - train/step_time","magic-universe-6 - train/step_time__MIN","magic-universe-6 - train/step_time__MAX","magic-universe-6 - _step","magic-universe-6 - _step__MIN","magic-universe-6 - _step__MAX","visionary-oath-5 - train/step_time","visionary-oath-5 - train/step_time__MIN","visionary-oath-5 - train/step_time__MAX","visionary-oath-5 - _step","visionary-oath-5 - _step__MIN","visionary-oath-5 - _step__MAX"
"0","2.137484550476074","2.137484550476074","2.137484550476074","1","1","1","2.2016661167144775","2.2016661167144775","2.2016661167144775","1","1","1","","","","","","","","","","","",""
"1","","","","","","","","","","","","","2.228578805923462","2.228578805923462","2.228578805923462","2","2","2","2.1001603603363037","2.1001603603363037","2.1001603603363037","2","2","2"
"10","","","","","","","","","","","","","2.199479341506958","2.199479341506958","2.199479341506958","4","4","4","2.099735736846924","2.099735736846924","2.099735736846924","4","4","4"
"20","","","","","","","","","","","","","2.168498992919922","2.168498992919922","2.168498992919922","6","6","6","2.1427671909332275","2.1427671909332275","2.1427671909332275","6","6","6"
"30","","","","","","","","","","","","","2.1975932121276855","2.1975932121276855","2.1975932121276855","8","8","8","2.201045513153076","2.201045513153076","2.201045513153076","8","8","8"
"40","","","","","","","","","","","","","2.1853151321411133","2.1853151321411133","2.1853151321411133","10","10","10","2.2058002948760986","2.2058002948760986","2.2058002948760986","10","10","10"
"50","","","","","","","","","","","","","2.1845874786376953","2.1845874786376953","2.1845874786376953","12","12","12","2.1566884517669678","2.1566884517669678","2.1566884517669678","12","12","12"
"60","","","","","","","","","","","","","2.1870012283325195","2.1870012283325195","2.1870012283325195","14","14","14","2.187666177749634","2.187666177749634","2.187666177749634","14","14","14"
"70","","","","","","","","","","","","","2.1789441108703613","2.1789441108703613","2.1789441108703613","16","16","16","2.200927257537842","2.200927257537842","2.200927257537842","16","16","16"
"80","","","","","","","","","","","","","2.1907854080200195","2.1907854080200195","2.1907854080200195","18","18","18","2.1819205284118652","2.1819205284118652","2.1819205284118652","18","18","18"
"90","","","","","","","","","","","","","2.195979356765747","2.195979356765747","2.195979356765747","20","20","20","2.1957452297210693","2.1957452297210693","2.1957452297210693","20","20","20"
"100","","","","","","","","","","","","","2.177246570587158","2.177246570587158","2.177246570587158","22","22","22","2.184394598007202","2.184394598007202","2.184394598007202","22","22","22"
"110","","","","","","","","","","","","","2.185661792755127","2.185661792755127","2.185661792755127","24","24","24","2.185516119003296","2.185516119003296","2.185516119003296","24","24","24"
"120","","","","","","","","","","","","","2.1822614669799805","2.1822614669799805","2.1822614669799805","26","26","26","2.2055160999298096","2.2055160999298096","2.2055160999298096","26","26","26"
"130","","","","","","","","","","","","","2.174793004989624","2.174793004989624","2.174793004989624","28","28","28","2.177372932434082","2.177372932434082","2.177372932434082","28","28","28"
"140","","","","","","","","","","","","","2.1964776515960693","2.1964776515960693","2.1964776515960693","30","30","30","2.187471628189087","2.187471628189087","2.187471628189087","30","30","30"
"150","","","","","","","","","","","","","2.177335262298584","2.177335262298584","2.177335262298584","32","32","32","2.2031397819519043","2.2031397819519043","2.2031397819519043","32","32","32"
"160","","","","","","","","","","","","","2.532301425933838","2.532301425933838","2.532301425933838","34","34","34","2.180229902267456","2.180229902267456","2.180229902267456","34","34","34"
"170","","","","","","","","","","","","","2.2047781944274902","2.2047781944274902","2.2047781944274902","36","36","36","2.192509889602661","2.192509889602661","2.192509889602661","36","36","36"
"180","","","","","","","","","","","","","2.1752402782440186","2.1752402782440186","2.1752402782440186","38","38","38","2.2218663692474365","2.2218663692474365","2.2218663692474365","38","38","38"
"190","","","","","","","","","","","","","2.171631097793579","2.171631097793579","2.171631097793579","40","40","40","2.173428773880005","2.173428773880005","2.173428773880005","40","40","40"
"200","","","","","","","","","","","","","2.2107129096984863","2.2107129096984863","2.2107129096984863","42","42","42","2.1750826835632324","2.1750826835632324","2.1750826835632324","42","42","42"
"210","","","","","","","","","","","","","2.1753957271575928","2.1753957271575928","2.1753957271575928","44","44","44","2.2033708095550537","2.2033708095550537","2.2033708095550537","44","44","44"
"220","","","","","","","","","","","","","2.1834888458251953","2.1834888458251953","2.1834888458251953","46","46","46","2.5365145206451416","2.5365145206451416","2.5365145206451416","46","46","46"
"230","","","","","","","","","","","","","2.206390142440796","2.206390142440796","2.206390142440796","48","48","48","2.1770853996276855","2.1770853996276855","2.1770853996276855","48","48","48"
"240","","","","","","","","","","","","","2.190774917602539","2.190774917602539","2.190774917602539","50","50","50","2.205667734146118","2.205667734146118","2.205667734146118","50","50","50"
"250","","","","","","","","","","","","","2.1900899410247803","2.1900899410247803","2.1900899410247803","52","52","52","2.1802818775177","2.1802818775177","2.1802818775177","52","52","52"
"260","","","","","","","","","","","","","2.6067841053009033","2.6067841053009033","2.6067841053009033","54","54","54","","","","","",""
"270","","","","","","","","","","","","","2.176694393157959","2.176694393157959","2.176694393157959","56","56","56","","","","","",""
"280","","","","","","","","","","","","","2.1845993995666504","2.1845993995666504","2.1845993995666504","58","58","58","","","","","",""
"290","","","","","","","","","","","","","2.174499750137329","2.174499750137329","2.174499750137329","60","60","60","","","","","",""
"300","","","","","","","","","","","","","2.173065423965454","2.173065423965454","2.173065423965454","62","62","62","","","","","",""
"310","","","","","","","","","","","","","2.2047572135925293","2.2047572135925293","2.2047572135925293","64","64","64","","","","","",""
"320","","","","","","","","","","","","","2.172872543334961","2.172872543334961","2.172872543334961","66","66","66","","","","","",""
"330","","","","","","","","","","","","","2.172485828399658","2.172485828399658","2.172485828399658","68","68","68","","","","","",""
"340","","","","","","","","","","","","","2.2127718925476074","2.2127718925476074","2.2127718925476074","70","70","70","","","","","",""
"350","","","","","","","","","","","","","2.178528308868408","2.178528308868408","2.178528308868408","72","72","72","","","","","",""
"360","","","","","","","","","","","","","2.1837594509124756","2.1837594509124756","2.1837594509124756","74","74","74","","","","","",""
"370","","","","","","","","","","","","","2.2061901092529297","2.2061901092529297","2.2061901092529297","76","76","76","","","","","",""
"380","","","","","","","","","","","","","2.182445526123047","2.182445526123047","2.182445526123047","78","78","78","","","","","",""
"390","","","","","","","","","","","","","2.175143241882324","2.175143241882324","2.175143241882324","80","80","80","","","","","",""
"400","","","","","","","","","","","","","2.198465585708618","2.198465585708618","2.198465585708618","82","82","82","","","","","",""
"410","","","","","","","","","","","","","2.1698429584503174","2.1698429584503174","2.1698429584503174","84","84","84","","","","","",""
"420","","","","","","","","","","","","","2.1863951683044434","2.1863951683044434","2.1863951683044434","86","86","86","","","","","",""
"430","","","","","","","","","","","","","2.2001633644104004","2.2001633644104004","2.2001633644104004","88","88","88","","","","","",""
"440","","","","","","","","","","","","","2.173969268798828","2.173969268798828","2.173969268798828","90","90","90","","","","","",""
"450","","","","","","","","","","","","","2.1863667964935303","2.1863667964935303","2.1863667964935303","92","92","92","","","","","",""
"460","","","","","","","","","","","","","2.1780600547790527","2.1780600547790527","2.1780600547790527","94","94","94","","","","","",""
"470","","","","","","","","","","","","","2.1841697692871094","2.1841697692871094","2.1841697692871094","96","96","96","","","","","",""
"480","","","","","","","","","","","","","2.2055890560150146","2.2055890560150146","2.2055890560150146","98","98","98","","","","","",""
"490","","","","","","","","","","","","","2.178053855895996","2.178053855895996","2.178053855895996","100","100","100","","","","","",""
"500","","","","","","","","","","","","","2.191895008087158","2.191895008087158","2.191895008087158","103","103","103","","","","","",""
"510","","","","","","","","","","","","","2.183032989501953","2.183032989501953","2.183032989501953","105","105","105","","","","","",""
"520","","","","","","","","","","","","","2.1782355308532715","2.1782355308532715","2.1782355308532715","107","107","107","","","","","",""
"530","","","","","","","","","","","","","2.531386613845825","2.531386613845825","2.531386613845825","109","109","109","","","","","",""
"540","","","","","","","","","","","","","2.1725127696990967","2.1725127696990967","2.1725127696990967","111","111","111","","","","","",""
"550","","","","","","","","","","","","","2.1768038272857666","2.1768038272857666","2.1768038272857666","113","113","113","","","","","",""
"560","","","","","","","","","","","","","2.200451374053955","2.200451374053955","2.200451374053955","115","115","115","","","","","",""
"570","","","","","","","","","","","","","2.1786136627197266","2.1786136627197266","2.1786136627197266","117","117","117","","","","","",""
"580","","","","","","","","","","","","","2.1834163665771484","2.1834163665771484","2.1834163665771484","119","119","119","","","","","",""
"590","","","","","","","","","","","","","2.199115037918091","2.199115037918091","2.199115037918091","121","121","121","","","","","",""
"600","","","","","","","","","","","","","2.1825902462005615","2.1825902462005615","2.1825902462005615","123","123","123","","","","","",""
"610","","","","","","","","","","","","","2.1871745586395264","2.1871745586395264","2.1871745586395264","125","125","125","","","","","",""
"620","","","","","","","","","","","","","2.18537974357605","2.18537974357605","2.18537974357605","127","127","127","","","","","",""
"630","","","","","","","","","","","","","2.182612895965576","2.182612895965576","2.182612895965576","129","129","129","","","","","",""
"640","","","","","","","","","","","","","2.2014636993408203","2.2014636993408203","2.2014636993408203","131","131","131","","","","","",""
"650","","","","","","","","","","","","","2.1804885864257812","2.1804885864257812","2.1804885864257812","133","133","133","","","","","",""
"660","","","","","","","","","","","","","2.181440591812134","2.181440591812134","2.181440591812134","135","135","135","","","","","",""
"670","","","","","","","","","","","","","2.2021079063415527","2.2021079063415527","2.2021079063415527","137","137","137","","","","","",""
"680","","","","","","","","","","","","","2.179737091064453","2.179737091064453","2.179737091064453","139","139","139","","","","","",""
"690","","","","","","","","","","","","","2.177035093307495","2.177035093307495","2.177035093307495","141","141","141","","","","","",""
"700","","","","","","","","","","","","","2.633493185043335","2.633493185043335","2.633493185043335","143","143","143","","","","","",""
"710","","","","","","","","","","","","","2.183306932449341","2.183306932449341","2.183306932449341","145","145","145","","","","","",""
"720","","","","","","","","","","","","","2.1716513633728027","2.1716513633728027","2.1716513633728027","147","147","147","","","","","",""
"730","","","","","","","","","","","","","2.1985363960266113","2.1985363960266113","2.1985363960266113","149","149","149","","","","","",""
"740","","","","","","","","","","","","","2.17850661277771","2.17850661277771","2.17850661277771","151","151","151","","","","","",""
"750","","","","","","","","","","","","","2.1971819400787354","2.1971819400787354","2.1971819400787354","153","153","153","","","","","",""
"760","","","","","","","","","","","","","2.1780924797058105","2.1780924797058105","2.1780924797058105","155","155","155","","","","","",""
"770","","","","","","","","","","","","","2.1774117946624756","2.1774117946624756","2.1774117946624756","157","157","157","","","","","",""
"780","","","","","","","","","","","","","2.2005057334899902","2.2005057334899902","2.2005057334899902","159","159","159","","","","","",""
"790","","","","","","","","","","","","","2.188746452331543","2.188746452331543","2.188746452331543","161","161","161","","","","","",""
"800","","","","","","","","","","","","","2.1771228313446045","2.1771228313446045","2.1771228313446045","163","163","163","","","","","",""
"810","","","","","","","","","","","","","2.200273275375366","2.200273275375366","2.200273275375366","165","165","165","","","","","",""
"820","","","","","","","","","","","","","2.169919967651367","2.169919967651367","2.169919967651367","167","167","167","","","","","",""
"830","","","","","","","","","","","","","2.1861252784729004","2.1861252784729004","2.1861252784729004","169","169","169","","","","","",""
"840","","","","","","","","","","","","","2.199033498764038","2.199033498764038","2.199033498764038","171","171","171","","","","","",""
"850","","","","","","","","","","","","","2.177371025085449","2.177371025085449","2.177371025085449","173","173","173","","","","","",""
"860","","","","","","","","","","","","","2.186487913131714","2.186487913131714","2.186487913131714","175","175","175","","","","","",""
"870","","","","","","","","","","","","","2.189643383026123","2.189643383026123","2.189643383026123","177","177","177","","","","","",""
"880","","","","","","","","","","","","","2.1832022666931152","2.1832022666931152","2.1832022666931152","179","179","179","","","","","",""
"890","","","","","","","","","","","","","2.1932640075683594","2.1932640075683594","2.1932640075683594","181","181","181","","","","","",""
"900","","","","","","","","","","","","","2.1779630184173584","2.1779630184173584","2.1779630184173584","183","183","183","","","","","",""
"910","","","","","","","","","","","","","2.187047004699707","2.187047004699707","2.187047004699707","185","185","185","","","","","",""
"920","","","","","","","","","","","","","2.200407028198242","2.200407028198242","2.200407028198242","187","187","187","","","","","",""
"930","","","","","","","","","","","","","2.184732437133789","2.184732437133789","2.184732437133789","189","189","189","","","","","",""
"940","","","","","","","","","","","","","2.1751015186309814","2.1751015186309814","2.1751015186309814","191","191","191","","","","","",""
"950","","","","","","","","","","","","","2.1977381706237793","2.1977381706237793","2.1977381706237793","193","193","193","","","","","",""
"960","","","","","","","","","","","","","2.174065113067627","2.174065113067627","2.174065113067627","195","195","195","","","","","",""
"970","","","","","","","","","","","","","2.177779197692871","2.177779197692871","2.177779197692871","197","197","197","","","","","",""
"980","","","","","","","","","","","","","2.18998646736145","2.18998646736145","2.18998646736145","199","199","199","","","","","",""
"990","","","","","","","","","","","","","2.1731784343719482","2.1731784343719482","2.1731784343719482","201","201","201","","","","","",""
"1000","","","","","","","","","","","","","2.201251745223999","2.201251745223999","2.201251745223999","204","204","204","","","","","",""
"1010","","","","","","","","","","","","","2.1795437335968018","2.1795437335968018","2.1795437335968018","206","206","206","","","","","",""
"1020","","","","","","","","","","","","","2.17252779006958","2.17252779006958","2.17252779006958","208","208","208","","","","","",""
"1030","","","","","","","","","","","","","2.1890976428985596","2.1890976428985596","2.1890976428985596","210","210","210","","","","","",""
"1040","","","","","","","","","","","","","2.174560070037842","2.174560070037842","2.174560070037842","212","212","212","","","","","",""
"1050","","","","","","","","","","","","","2.1887991428375244","2.1887991428375244","2.1887991428375244","214","214","214","","","","","",""
"1060","","","","","","","","","","","","","2.1851186752319336","2.1851186752319336","2.1851186752319336","216","216","216","","","","","",""
"1070","","","","","","","","","","","","","2.1803536415100098","2.1803536415100098","2.1803536415100098","218","218","218","","","","","",""
"1080","","","","","","","","","","","","","2.204540729522705","2.204540729522705","2.204540729522705","220","220","220","","","","","",""
"1090","","","","","","","","","","","","","2.180469274520874","2.180469274520874","2.180469274520874","222","222","222","","","","","",""
"1100","","","","","","","","","","","","","2.1775684356689453","2.1775684356689453","2.1775684356689453","224","224","224","","","","","",""
"1110","","","","","","","","","","","","","2.2117533683776855","2.2117533683776855","2.2117533683776855","226","226","226","","","","","",""
"1120","","","","","","","","","","","","","2.1770179271698","2.1770179271698","2.1770179271698","228","228","228","","","","","",""
"1130","","","","","","","","","","","","","2.1848154067993164","2.1848154067993164","2.1848154067993164","230","230","230","","","","","",""
"1140","","","","","","","","","","","","","2.2025907039642334","2.2025907039642334","2.2025907039642334","232","232","232","","","","","",""
"1150","","","","","","","","","","","","","2.1777288913726807","2.1777288913726807","2.1777288913726807","234","234","234","","","","","",""
"1160","","","","","","","","","","","","","2.1725094318389893","2.1725094318389893","2.1725094318389893","236","236","236","","","","","",""
"1170","","","","","","","","","","","","","2.1900765895843506","2.1900765895843506","2.1900765895843506","238","238","238","","","","","",""
"1180","","","","","","","","","","","","","2.1753265857696533","2.1753265857696533","2.1753265857696533","240","240","240","","","","","",""
"1190","","","","","","","","","","","","","2.1816506385803223","2.1816506385803223","2.1816506385803223","242","242","242","","","","","",""
"1200","","","","","","","","","","","","","2.18204927444458","2.18204927444458","2.18204927444458","244","244","244","","","","","",""
"1210","","","","","","","","","","","","","2.1821961402893066","2.1821961402893066","2.1821961402893066","246","246","246","","","","","",""
"1220","","","","","","","","","","","","","2.1959822177886963","2.1959822177886963","2.1959822177886963","248","248","248","","","","","",""
"1230","","","","","","","","","","","","","2.173203706741333","2.173203706741333","2.173203706741333","250","250","250","","","","","",""
"1240","","","","","","","","","","","","","2.5108225345611572","2.5108225345611572","2.5108225345611572","252","252","252","","","","","",""
"1250","","","","","","","","","","","","","2.2046380043029785","2.2046380043029785","2.2046380043029785","254","254","254","","","","","",""
"1260","","","","","","","","","","","","","2.1760358810424805","2.1760358810424805","2.1760358810424805","256","256","256","","","","","",""
"1270","","","","","","","","","","","","","2.179243564605713","2.179243564605713","2.179243564605713","258","258","258","","","","","",""
"1280","","","","","","","","","","","","","2.209993839263916","2.209993839263916","2.209993839263916","260","260","260","","","","","",""
"1290","","","","","","","","","","","","","2.1840968132019043","2.1840968132019043","2.1840968132019043","262","262","262","","","","","",""
"1300","","","","","","","","","","","","","2.182302236557007","2.182302236557007","2.182302236557007","264","264","264","","","","","",""
"1310","","","","","","","","","","","","","2.199052572250366","2.199052572250366","2.199052572250366","266","266","266","","","","","",""
"1320","","","","","","","","","","","","","2.179053783416748","2.179053783416748","2.179053783416748","268","268","268","","","","","",""
"1330","","","","","","","","","","","","","2.1818695068359375","2.1818695068359375","2.1818695068359375","270","270","270","","","","","",""
"1340","","","","","","","","","","","","","2.1912732124328613","2.1912732124328613","2.1912732124328613","272","272","272","","","","","",""
"1350","","","","","","","","","","","","","2.177443265914917","2.177443265914917","2.177443265914917","274","274","274","","","","","",""
"1360","","","","","","","","","","","","","2.1918036937713623","2.1918036937713623","2.1918036937713623","276","276","276","","","","","",""
"1370","","","","","","","","","","","","","2.1841769218444824","2.1841769218444824","2.1841769218444824","278","278","278","","","","","",""
"1380","","","","","","","","","","","","","2.1839303970336914","2.1839303970336914","2.1839303970336914","280","280","280","","","","","",""
"1390","","","","","","","","","","","","","2.19972562789917","2.19972562789917","2.19972562789917","282","282","282","","","","","",""
"1400","","","","","","","","","","","","","2.1761746406555176","2.1761746406555176","2.1761746406555176","284","284","284","","","","","",""
"1410","","","","","","","","","","","","","2.1904542446136475","2.1904542446136475","2.1904542446136475","286","286","286","","","","","",""
"1420","","","","","","","","","","","","","2.1960341930389404","2.1960341930389404","2.1960341930389404","288","288","288","","","","","",""
"1430","","","","","","","","","","","","","2.1745405197143555","2.1745405197143555","2.1745405197143555","290","290","290","","","","","",""
"1440","","","","","","","","","","","","","2.1761555671691895","2.1761555671691895","2.1761555671691895","292","292","292","","","","","",""
"1450","","","","","","","","","","","","","2.2130284309387207","2.2130284309387207","2.2130284309387207","294","294","294","","","","","",""
"1460","","","","","","","","","","","","","2.1818528175354004","2.1818528175354004","2.1818528175354004","296","296","296","","","","","",""
"1470","","","","","","","","","","","","","2.1743528842926025","2.1743528842926025","2.1743528842926025","298","298","298","","","","","",""
"1480","","","","","","","","","","","","","2.1933891773223877","2.1933891773223877","2.1933891773223877","300","300","300","","","","","",""
"1490","","","","","","","","","","","","","2.182199716567993","2.182199716567993","2.182199716567993","302","302","302","","","","","",""
"1500","","","","","","","","","","","","","2.193004846572876","2.193004846572876","2.193004846572876","305","305","305","","","","","",""
"1510","","","","","","","","","","","","","2.509263753890991","2.509263753890991","2.509263753890991","307","307","307","","","","","",""
"1520","","","","","","","","","","","","","2.1716814041137695","2.1716814041137695","2.1716814041137695","309","309","309","","","","","",""
"1530","","","","","","","","","","","","","2.1926684379577637","2.1926684379577637","2.1926684379577637","311","311","311","","","","","",""
"1540","","","","","","","","","","","","","2.1870012283325195","2.1870012283325195","2.1870012283325195","313","313","313","","","","","",""
"1550","","","","","","","","","","","","","2.192708730697632","2.192708730697632","2.192708730697632","315","315","315","","","","","",""
"1560","","","","","","","","","","","","","2.181051731109619","2.181051731109619","2.181051731109619","317","317","317","","","","","",""
"1570","","","","","","","","","","","","","2.1750736236572266","2.1750736236572266","2.1750736236572266","319","319","319","","","","","",""
"1580","","","","","","","","","","","","","2.1916844844818115","2.1916844844818115","2.1916844844818115","321","321","321","","","","","",""
"1590","","","","","","","","","","","","","2.1779658794403076","2.1779658794403076","2.1779658794403076","323","323","323","","","","","",""
"1600","","","","","","","","","","","","","2.1796693801879883","2.1796693801879883","2.1796693801879883","325","325","325","","","","","",""
"1610","","","","","","","","","","","","","2.201176404953003","2.201176404953003","2.201176404953003","327","327","327","","","","","",""
"1620","","","","","","","","","","","","","2.184295177459717","2.184295177459717","2.184295177459717","329","329","329","","","","","",""
"1630","","","","","","","","","","","","","2.1888744831085205","2.1888744831085205","2.1888744831085205","331","331","331","","","","","",""
"1640","","","","","","","","","","","","","2.20123028755188","2.20123028755188","2.20123028755188","333","333","333","","","","","",""
"1650","","","","","","","","","","","","","2.1771957874298096","2.1771957874298096","2.1771957874298096","335","335","335","","","","","",""
"1660","","","","","","","","","","","","","2.1833102703094482","2.1833102703094482","2.1833102703094482","337","337","337","","","","","",""
"1670","","","","","","","","","","","","","2.187425136566162","2.187425136566162","2.187425136566162","339","339","339","","","","","",""
"1680","","","","","","","","","","","","","2.1778693199157715","2.1778693199157715","2.1778693199157715","341","341","341","","","","","",""
"1690","","","","","","","","","","","","","2.1916637420654297","2.1916637420654297","2.1916637420654297","343","343","343","","","","","",""
"1700","","","","","","","","","","","","","2.1912784576416016","2.1912784576416016","2.1912784576416016","345","345","345","","","","","",""
"1710","","","","","","","","","","","","","2.1804182529449463","2.1804182529449463","2.1804182529449463","347","347","347","","","","","",""
"1720","","","","","","","","","","","","","2.1996536254882812","2.1996536254882812","2.1996536254882812","349","349","349","","","","","",""
"1730","","","","","","","","","","","","","2.18266224861145","2.18266224861145","2.18266224861145","351","351","351","","","","","",""
"1740","","","","","","","","","","","","","2.1857776641845703","2.1857776641845703","2.1857776641845703","353","353","353","","","","","",""
"1750","","","","","","","","","","","","","2.2002780437469482","2.2002780437469482","2.2002780437469482","355","355","355","","","","","",""
"1760","","","","","","","","","","","","","2.185375213623047","2.185375213623047","2.185375213623047","357","357","357","","","","","",""
"1770","","","","","","","","","","","","","2.177119255065918","2.177119255065918","2.177119255065918","359","359","359","","","","","",""
"1780","","","","","","","","","","","","","2.6157760620117188","2.6157760620117188","2.6157760620117188","361","361","361","","","","","",""
"1790","","","","","","","","","","","","","2.187875270843506","2.187875270843506","2.187875270843506","363","363","363","","","","","",""
"1800","","","","","","","","","","","","","2.1831681728363037","2.1831681728363037","2.1831681728363037","365","365","365","","","","","",""
"1810","","","","","","","","","","","","","2.1942763328552246","2.1942763328552246","2.1942763328552246","367","367","367","","","","","",""
"1820","","","","","","","","","","","","","2.1768674850463867","2.1768674850463867","2.1768674850463867","369","369","369","","","","","",""
"1830","","","","","","","","","","","","","2.1953938007354736","2.1953938007354736","2.1953938007354736","371","371","371","","","","","",""
"1840","","","","","","","","","","","","","2.175340175628662","2.175340175628662","2.175340175628662","373","373","373","","","","","",""
"1850","","","","","","","","","","","","","2.1830461025238037","2.1830461025238037","2.1830461025238037","375","375","375","","","","","",""
"1860","","","","","","","","","","","","","2.1992597579956055","2.1992597579956055","2.1992597579956055","377","377","377","","","","","",""
"1870","","","","","","","","","","","","","2.1766538619995117","2.1766538619995117","2.1766538619995117","379","379","379","","","","","",""
"1880","","","","","","","","","","","","","2.182891368865967","2.182891368865967","2.182891368865967","381","381","381","","","","","",""
"1890","","","","","","","","","","","","","2.2021448612213135","2.2021448612213135","2.2021448612213135","383","383","383","","","","","",""
"1900","","","","","","","","","","","","","2.170351028442383","2.170351028442383","2.170351028442383","385","385","385","","","","","",""
"1910","","","","","","","","","","","","","2.169423818588257","2.169423818588257","2.169423818588257","387","387","387","","","","","",""
"1920","","","","","","","","","","","","","2.198232650756836","2.198232650756836","2.198232650756836","389","389","389","","","","","",""
"1930","","","","","","","","","","","","","2.1829073429107666","2.1829073429107666","2.1829073429107666","391","391","391","","","","","",""
"1940","","","","","","","","","","","","","2.190077066421509","2.190077066421509","2.190077066421509","393","393","393","","","","","",""
"1950","","","","","","","","","","","","","2.1776320934295654","2.1776320934295654","2.1776320934295654","395","395","395","","","","","",""
"1960","","","","","","","","","","","","","2.1789212226867676","2.1789212226867676","2.1789212226867676","397","397","397","","","","","",""
"1970","","","","","","","","","","","","","2.1987953186035156","2.1987953186035156","2.1987953186035156","399","399","399","","","","","",""
"1980","","","","","","","","","","","","","2.179889678955078","2.179889678955078","2.179889678955078","401","401","401","","","","","",""
"1990","","","","","","","","","","","","","2.1782913208007812","2.1782913208007812","2.1782913208007812","403","403","403","","","","","",""
"2000","","","","","","","","","","","","","2.1809756755828857","2.1809756755828857","2.1809756755828857","406","406","406","","","","","",""
"2010","","","","","","","","","","","","","2.182882308959961","2.182882308959961","2.182882308959961","408","408","408","","","","","",""
"2020","","","","","","","","","","","","","2.217487335205078","2.217487335205078","2.217487335205078","410","410","410","","","","","",""
"2030","","","","","","","","","","","","","2.1725821495056152","2.1725821495056152","2.1725821495056152","412","412","412","","","","","",""
"2040","","","","","","","","","","","","","2.1827237606048584","2.1827237606048584","2.1827237606048584","414","414","414","","","","","",""
"2050","","","","","","","","","","","","","2.570833206176758","2.570833206176758","2.570833206176758","416","416","416","","","","","",""
"2060","","","","","","","","","","","","","2.1780738830566406","2.1780738830566406","2.1780738830566406","418","418","418","","","","","",""
"2070","","","","","","","","","","","","","2.19710636138916","2.19710636138916","2.19710636138916","420","420","420","","","","","",""
"2080","","","","","","","","","","","","","2.182547092437744","2.182547092437744","2.182547092437744","422","422","422","","","","","",""
"2090","","","","","","","","","","","","","2.176158905029297","2.176158905029297","2.176158905029297","424","424","424","","","","","",""
"2100","","","","","","","","","","","","","2.2020678520202637","2.2020678520202637","2.2020678520202637","426","426","426","","","","","",""
"2110","","","","","","","","","","","","","2.1762335300445557","2.1762335300445557","2.1762335300445557","428","428","428","","","","","",""
"2120","","","","","","","","","","","","","2.1844706535339355","2.1844706535339355","2.1844706535339355","430","430","430","","","","","",""
"2130","","","","","","","","","","","","","2.1978530883789062","2.1978530883789062","2.1978530883789062","432","432","432","","","","","",""
"2140","","","","","","","","","","","","","2.1736037731170654","2.1736037731170654","2.1736037731170654","434","434","434","","","","","",""
"2150","","","","","","","","","","","","","2.1846566200256348","2.1846566200256348","2.1846566200256348","436","436","436","","","","","",""
"2160","","","","","","","","","","","","","2.1832542419433594","2.1832542419433594","2.1832542419433594","438","438","438","","","","","",""
"2170","","","","","","","","","","","","","2.176440954208374","2.176440954208374","2.176440954208374","440","440","440","","","","","",""
"2180","","","","","","","","","","","","","2.206655740737915","2.206655740737915","2.206655740737915","442","442","442","","","","","",""
"2190","","","","","","","","","","","","","2.17742919921875","2.17742919921875","2.17742919921875","444","444","444","","","","","",""
"2200","","","","","","","","","","","","","2.182487964630127","2.182487964630127","2.182487964630127","446","446","446","","","","","",""
"2210","","","","","","","","","","","","","2.1977310180664062","2.1977310180664062","2.1977310180664062","448","448","448","","","","","",""
"2220","","","","","","","","","","","","","2.4774577617645264","2.4774577617645264","2.4774577617645264","450","450","450","","","","","",""
"2230","","","","","","","","","","","","","2.191291332244873","2.191291332244873","2.191291332244873","452","452","452","","","","","",""
"2240","","","","","","","","","","","","","2.187539577484131","2.187539577484131","2.187539577484131","454","454","454","","","","","",""
"2250","","","","","","","","","","","","","2.1867518424987793","2.1867518424987793","2.1867518424987793","456","456","456","","","","","",""
"2260","","","","","","","","","","","","","2.1946921348571777","2.1946921348571777","2.1946921348571777","458","458","458","","","","","",""
"2270","","","","","","","","","","","","","2.1809170246124268","2.1809170246124268","2.1809170246124268","460","460","460","","","","","",""
"2280","","","","","","","","","","","","","2.181795358657837","2.181795358657837","2.181795358657837","462","462","462","","","","","",""
"2290","","","","","","","","","","","","","2.207721471786499","2.207721471786499","2.207721471786499","464","464","464","","","","","",""
"2300","","","","","","","","","","","","","2.182976484298706","2.182976484298706","2.182976484298706","466","466","466","","","","","",""
"2310","","","","","","","","","","","","","2.1805319786071777","2.1805319786071777","2.1805319786071777","468","468","468","","","","","",""
"2320","","","","","","","","","","","","","2.2032952308654785","2.2032952308654785","2.2032952308654785","470","470","470","","","","","",""
"2330","","","","","","","","","","","","","2.17520809173584","2.17520809173584","2.17520809173584","472","472","472","","","","","",""
"2340","","","","","","","","","","","","","2.195526599884033","2.195526599884033","2.195526599884033","474","474","474","","","","","",""
"2350","","","","","","","","","","","","","2.1844875812530518","2.1844875812530518","2.1844875812530518","476","476","476","","","","","",""
"2360","","","","","","","","","","","","","2.1900572776794434","2.1900572776794434","2.1900572776794434","478","478","478","","","","","",""
"2370","","","","","","","","","","","","","2.200310468673706","2.200310468673706","2.200310468673706","480","480","480","","","","","",""
"2380","","","","","","","","","","","","","2.185343027114868","2.185343027114868","2.185343027114868","482","482","482","","","","","",""
"2390","","","","","","","","","","","","","2.1830739974975586","2.1830739974975586","2.1830739974975586","484","484","484","","","","","",""
"2400","","","","","","","","","","","","","2.2023184299468994","2.2023184299468994","2.2023184299468994","486","486","486","","","","","",""
"2410","","","","","","","","","","","","","2.185760736465454","2.185760736465454","2.185760736465454","488","488","488","","","","","",""
"2420","","","","","","","","","","","","","2.1860969066619873","2.1860969066619873","2.1860969066619873","490","490","490","","","","","",""
"2430","","","","","","","","","","","","","2.186328172683716","2.186328172683716","2.186328172683716","492","492","492","","","","","",""
"2440","","","","","","","","","","","","","2.1908915042877197","2.1908915042877197","2.1908915042877197","494","494","494","","","","","",""
"2450","","","","","","","","","","","","","2.193359613418579","2.193359613418579","2.193359613418579","496","496","496","","","","","",""
"2460","","","","","","","","","","","","","2.1776950359344482","2.1776950359344482","2.1776950359344482","498","498","498","","","","","",""
"2470","","","","","","","","","","","","","2.176555871963501","2.176555871963501","2.176555871963501","500","500","500","","","","","",""
"2480","","","","","","","","","","","","","2.200137138366699","2.200137138366699","2.200137138366699","502","502","502","","","","","",""
"2490","","","","","","","","","","","","","2.5013375282287598","2.5013375282287598","2.5013375282287598","504","504","504","","","","","",""
"2500","","","","","","","","","","","","","2.209165573120117","2.209165573120117","2.209165573120117","507","507","507","","","","","",""
"2510","","","","","","","","","","","","","2.1848342418670654","2.1848342418670654","2.1848342418670654","509","509","509","","","","","",""
"2520","","","","","","","","","","","","","2.180720329284668","2.180720329284668","2.180720329284668","511","511","511","","","","","",""
"2530","","","","","","","","","","","","","2.1922576427459717","2.1922576427459717","2.1922576427459717","513","513","513","","","","","",""
"2540","","","","","","","","","","","","","2.173119068145752","2.173119068145752","2.173119068145752","515","515","515","","","","","",""
"2550","","","","","","","","","","","","","2.2023324966430664","2.2023324966430664","2.2023324966430664","517","517","517","","","","","",""
"2560","","","","","","","","","","","","","2.184311866760254","2.184311866760254","2.184311866760254","519","519","519","","","","","",""
"2570","","","","","","","","","","","","","2.172746181488037","2.172746181488037","2.172746181488037","521","521","521","","","","","",""
"2580","","","","","","","","","","","","","2.216789960861206","2.216789960861206","2.216789960861206","523","523","523","","","","","",""
"2590","","","","","","","","","","","","","2.1708314418792725","2.1708314418792725","2.1708314418792725","525","525","525","","","","","",""
"2600","","","","","","","","","","","","","2.173962354660034","2.173962354660034","2.173962354660034","527","527","527","","","","","",""
"2610","","","","","","","","","","","","","2.209969997406006","2.209969997406006","2.209969997406006","529","529","529","","","","","",""
"2620","","","","","","","","","","","","","2.1818935871124268","2.1818935871124268","2.1818935871124268","531","531","531","","","","","",""
"2630","","","","","","","","","","","","","2.174651861190796","2.174651861190796","2.174651861190796","533","533","533","","","","","",""
"2640","","","","","","","","","","","","","2.1937596797943115","2.1937596797943115","2.1937596797943115","535","535","535","","","","","",""
"2650","","","","","","","","","","","","","2.1781604290008545","2.1781604290008545","2.1781604290008545","537","537","537","","","","","",""
"2660","","","","","","","","","","","","","2.2047364711761475","2.2047364711761475","2.2047364711761475","539","539","539","","","","","",""
"2670","","","","","","","","","","","","","2.189826488494873","2.189826488494873","2.189826488494873","541","541","541","","","","","",""
"2680","","","","","","","","","","","","","2.179713487625122","2.179713487625122","2.179713487625122","543","543","543","","","","","",""
"2690","","","","","","","","","","","","","2.2001888751983643","2.2001888751983643","2.2001888751983643","545","545","545","","","","","",""
"2700","","","","","","","","","","","","","2.173109531402588","2.173109531402588","2.173109531402588","547","547","547","","","","","",""
"2710","","","","","","","","","","","","","2.180398464202881","2.180398464202881","2.180398464202881","549","549","549","","","","","",""
"2720","","","","","","","","","","","","","2.188736915588379","2.188736915588379","2.188736915588379","551","551","551","","","","","",""
"2730","","","","","","","","","","","","","2.1825039386749268","2.1825039386749268","2.1825039386749268","553","553","553","","","","","",""
"2740","","","","","","","","","","","","","2.1834757328033447","2.1834757328033447","2.1834757328033447","555","555","555","","","","","",""
"2750","","","","","","","","","","","","","2.188693046569824","2.188693046569824","2.188693046569824","557","557","557","","","","","",""
"2760","","","","","","","","","","","","","2.1780214309692383","2.1780214309692383","2.1780214309692383","559","559","559","","","","","",""
"2770","","","","","","","","","","","","","2.210530996322632","2.210530996322632","2.210530996322632","561","561","561","","","","","",""
"2780","","","","","","","","","","","","","2.1819887161254883","2.1819887161254883","2.1819887161254883","563","563","563","","","","","",""
"2790","","","","","","","","","","","","","2.1834452152252197","2.1834452152252197","2.1834452152252197","565","565","565","","","","","",""
"2800","","","","","","","","","","","","","2.2045209407806396","2.2045209407806396","2.2045209407806396","567","567","567","","","","","",""
"2810","","","","","","","","","","","","","2.185713291168213","2.185713291168213","2.185713291168213","569","569","569","","","","","",""
"2820","","","","","","","","","","","","","2.18523907661438","2.18523907661438","2.18523907661438","571","571","571","","","","","",""
"2830","","","","","","","","","","","","","2.1902894973754883","2.1902894973754883","2.1902894973754883","573","573","573","","","","","",""
"2840","","","","","","","","","","","","","2.1786930561065674","2.1786930561065674","2.1786930561065674","575","575","575","","","","","",""
"2850","","","","","","","","","","","","","2.185715675354004","2.185715675354004","2.185715675354004","577","577","577","","","","","",""
"2860","","","","","","","","","","","","","2.1908726692199707","2.1908726692199707","2.1908726692199707","579","579","579","","","","","",""
"2870","","","","","","","","","","","","","2.177398204803467","2.177398204803467","2.177398204803467","581","581","581","","","","","",""
"2880","","","","","","","","","","","","","2.1897451877593994","2.1897451877593994","2.1897451877593994","583","583","583","","","","","",""
"2890","","","","","","","","","","","","","2.1780571937561035","2.1780571937561035","2.1780571937561035","585","585","585","","","","","",""
"2900","","","","","","","","","","","","","2.168976068496704","2.168976068496704","2.168976068496704","587","587","587","","","","","",""
"2910","","","","","","","","","","","","","2.2106757164001465","2.2106757164001465","2.2106757164001465","589","589","589","","","","","",""
"2920","","","","","","","","","","","","","2.1809890270233154","2.1809890270233154","2.1809890270233154","591","591","591","","","","","",""
"2930","","","","","","","","","","","","","2.484369993209839","2.484369993209839","2.484369993209839","593","593","593","","","","","",""
"2940","","","","","","","","","","","","","2.1901373863220215","2.1901373863220215","2.1901373863220215","595","595","595","","","","","",""
"2950","","","","","","","","","","","","","2.1819517612457275","2.1819517612457275","2.1819517612457275","597","597","597","","","","","",""
"2960","","","","","","","","","","","","","2.193878173828125","2.193878173828125","2.193878173828125","599","599","599","","","","","",""
"2970","","","","","","","","","","","","","2.188241720199585","2.188241720199585","2.188241720199585","601","601","601","","","","","",""
"2980","","","","","","","","","","","","","2.188490629196167","2.188490629196167","2.188490629196167","603","603","603","","","","","",""
"2990","","","","","","","","","","","","","2.197784185409546","2.197784185409546","2.197784185409546","605","605","605","","","","","",""
"3000","","","","","","","","","","","","","2.1783106327056885","2.1783106327056885","2.1783106327056885","608","608","608","","","","","",""
"3010","","","","","","","","","","","","","2.1966142654418945","2.1966142654418945","2.1966142654418945","610","610","610","","","","","",""
"3020","","","","","","","","","","","","","2.1808578968048096","2.1808578968048096","2.1808578968048096","612","612","612","","","","","",""
"3030","","","","","","","","","","","","","2.180851936340332","2.180851936340332","2.180851936340332","614","614","614","","","","","",""
"3040","","","","","","","","","","","","","2.2064335346221924","2.2064335346221924","2.2064335346221924","616","616","616","","","","","",""
"3050","","","","","","","","","","","","","2.188616991043091","2.188616991043091","2.188616991043091","618","618","618","","","","","",""
"3060","","","","","","","","","","","","","2.1819772720336914","2.1819772720336914","2.1819772720336914","620","620","620","","","","","",""
"3070","","","","","","","","","","","","","2.1983754634857178","2.1983754634857178","2.1983754634857178","622","622","622","","","","","",""
"3080","","","","","","","","","","","","","2.196441650390625","2.196441650390625","2.196441650390625","624","624","624","","","","","",""
"3090","","","","","","","","","","","","","2.204921007156372","2.204921007156372","2.204921007156372","626","626","626","","","","","",""
"3100","","","","","","","","","","","","","2.1970293521881104","2.1970293521881104","2.1970293521881104","628","628","628","","","","","",""
"3110","","","","","","","","","","","","","2.1784045696258545","2.1784045696258545","2.1784045696258545","630","630","630","","","","","",""
"3120","","","","","","","","","","","","","2.2092041969299316","2.2092041969299316","2.2092041969299316","632","632","632","","","","","",""
"3130","","","","","","","","","","","","","2.183208465576172","2.183208465576172","2.183208465576172","634","634","634","","","","","",""
"3140","","","","","","","","","","","","","2.1805217266082764","2.1805217266082764","2.1805217266082764","636","636","636","","","","","",""
"3150","","","","","","","","","","","","","2.202742338180542","2.202742338180542","2.202742338180542","638","638","638","","","","","",""
"3160","","","","","","","","","","","","","2.1814675331115723","2.1814675331115723","2.1814675331115723","640","640","640","","","","","",""
"3170","","","","","","","","","","","","","2.1922693252563477","2.1922693252563477","2.1922693252563477","642","642","642","","","","","",""
"3180","","","","","","","","","","","","","2.178478240966797","2.178478240966797","2.178478240966797","644","644","644","","","","","",""
"3190","","","","","","","","","","","","","2.1857492923736572","2.1857492923736572","2.1857492923736572","646","646","646","","","","","",""
"3200","","","","","","","","","","","","","2.19840669631958","2.19840669631958","2.19840669631958","648","648","648","","","","","",""
"3210","","","","","","","","","","","","","2.1843667030334473","2.1843667030334473","2.1843667030334473","650","650","650","","","","","",""
"3220","","","","","","","","","","","","","2.2057111263275146","2.2057111263275146","2.2057111263275146","652","652","652","","","","","",""
"3230","","","","","","","","","","","","","2.1844663619995117","2.1844663619995117","2.1844663619995117","654","654","654","","","","","",""
"3240","","","","","","","","","","","","","2.17976713180542","2.17976713180542","2.17976713180542","656","656","656","","","","","",""
"3250","","","","","","","","","","","","","2.1983258724212646","2.1983258724212646","2.1983258724212646","658","658","658","","","","","",""
"3260","","","","","","","","","","","","","2.184239625930786","2.184239625930786","2.184239625930786","660","660","660","","","","","",""
"3270","","","","","","","","","","","","","2.187391996383667","2.187391996383667","2.187391996383667","662","662","662","","","","","",""
"3280","","","","","","","","","","","","","2.1969974040985107","2.1969974040985107","2.1969974040985107","664","664","664","","","","","",""
"3290","","","","","","","","","","","","","2.185593605041504","2.185593605041504","2.185593605041504","666","666","666","","","","","",""
"3300","","","","","","","","","","","","","2.204557180404663","2.204557180404663","2.204557180404663","668","668","668","","","","","",""
"3310","","","","","","","","","","","","","2.186150074005127","2.186150074005127","2.186150074005127","670","670","670","","","","","",""
"3320","","","","","","","","","","","","","2.1847798824310303","2.1847798824310303","2.1847798824310303","672","672","672","","","","","",""
"3330","","","","","","","","","","","","","2.2016427516937256","2.2016427516937256","2.2016427516937256","674","674","674","","","","","",""
"3340","","","","","","","","","","","","","2.1774871349334717","2.1774871349334717","2.1774871349334717","676","676","676","","","","","",""
"3350","","","","","","","","","","","","","2.1781704425811768","2.1781704425811768","2.1781704425811768","678","678","678","","","","","",""
"3360","","","","","","","","","","","","","2.1960554122924805","2.1960554122924805","2.1960554122924805","680","680","680","","","","","",""
"3370","","","","","","","","","","","","","2.4953017234802246","2.4953017234802246","2.4953017234802246","682","682","682","","","","","",""
"3380","","","","","","","","","","","","","2.2038025856018066","2.2038025856018066","2.2038025856018066","684","684","684","","","","","",""
"3390","","","","","","","","","","","","","2.179539203643799","2.179539203643799","2.179539203643799","686","686","686","","","","","",""
"3400","","","","","","","","","","","","","2.1912548542022705","2.1912548542022705","2.1912548542022705","688","688","688","","","","","",""
"3410","","","","","","","","","","","","","2.205657720565796","2.205657720565796","2.205657720565796","690","690","690","","","","","",""
"3420","","","","","","","","","","","","","2.18310546875","2.18310546875","2.18310546875","692","692","692","","","","","",""
"3430","","","","","","","","","","","","","2.1972062587738037","2.1972062587738037","2.1972062587738037","694","694","694","","","","","",""
"3440","","","","","","","","","","","","","2.1799232959747314","2.1799232959747314","2.1799232959747314","696","696","696","","","","","",""
"3450","","","","","","","","","","","","","2.1789565086364746","2.1789565086364746","2.1789565086364746","698","698","698","","","","","",""
"3460","","","","","","","","","","","","","2.2197964191436768","2.2197964191436768","2.2197964191436768","700","700","700","","","","","",""
"3470","","","","","","","","","","","","","2.1897482872009277","2.1897482872009277","2.1897482872009277","702","702","702","","","","","",""
"3480","","","","","","","","","","","","","2.1882781982421875","2.1882781982421875","2.1882781982421875","704","704","704","","","","","",""
"3490","","","","","","","","","","","","","2.207813262939453","2.207813262939453","2.207813262939453","706","706","706","","","","","",""
"3500","","","","","","","","","","","","","2.2053415775299072","2.2053415775299072","2.2053415775299072","709","709","709","","","","","",""
"3510","","","","","","","","","","","","","2.175781011581421","2.175781011581421","2.175781011581421","711","711","711","","","","","",""
"3520","","","","","","","","","","","","","2.1767959594726562","2.1767959594726562","2.1767959594726562","713","713","713","","","","","",""
"3530","","","","","","","","","","","","","2.20041823387146","2.20041823387146","2.20041823387146","715","715","715","","","","","",""
"3540","","","","","","","","","","","","","2.188380479812622","2.188380479812622","2.188380479812622","717","717","717","","","","","",""
"3550","","","","","","","","","","","","","2.1749520301818848","2.1749520301818848","2.1749520301818848","719","719","719","","","","","",""
"3560","","","","","","","","","","","","","2.1917011737823486","2.1917011737823486","2.1917011737823486","721","721","721","","","","","",""
"3570","","","","","","","","","","","","","2.181448221206665","2.181448221206665","2.181448221206665","723","723","723","","","","","",""
"3580","","","","","","","","","","","","","2.1927456855773926","2.1927456855773926","2.1927456855773926","725","725","725","","","","","",""
"3590","","","","","","","","","","","","","2.1808173656463623","2.1808173656463623","2.1808173656463623","727","727","727","","","","","",""
"3600","","","","","","","","","","","","","2.178105592727661","2.178105592727661","2.178105592727661","729","729","729","","","","","",""
"3610","","","","","","","","","","","","","2.2246057987213135","2.2246057987213135","2.2246057987213135","731","731","731","","","","","",""
"3620","","","","","","","","","","","","","2.1871843338012695","2.1871843338012695","2.1871843338012695","733","733","733","","","","","",""
"3630","","","","","","","","","","","","","2.1845192909240723","2.1845192909240723","2.1845192909240723","735","735","735","","","","","",""
"3640","","","","","","","","","","","","","2.191749095916748","2.191749095916748","2.191749095916748","737","737","737","","","","","",""
"3650","","","","","","","","","","","","","2.179691791534424","2.179691791534424","2.179691791534424","739","739","739","","","","","",""
"3660","","","","","","","","","","","","","2.2120487689971924","2.2120487689971924","2.2120487689971924","741","741","741","","","","","",""
"3670","","","","","","","","","","","","","2.182992458343506","2.182992458343506","2.182992458343506","743","743","743","","","","","",""
"3680","","","","","","","","","","","","","2.195974349975586","2.195974349975586","2.195974349975586","745","745","745","","","","","",""
"3690","","","","","","","","","","","","","2.229989528656006","2.229989528656006","2.229989528656006","747","747","747","","","","","",""
"3700","","","","","","","","","","","","","2.1851892471313477","2.1851892471313477","2.1851892471313477","749","749","749","","","","","",""
"3710","","","","","","","","","","","","","2.1923346519470215","2.1923346519470215","2.1923346519470215","751","751","751","","","","","",""
"3720","","","","","","","","","","","","","2.1865713596343994","2.1865713596343994","2.1865713596343994","753","753","753","","","","","",""
"3730","","","","","","","","","","","","","2.1841509342193604","2.1841509342193604","2.1841509342193604","755","755","755","","","","","",""
"3740","","","","","","","","","","","","","2.61594820022583","2.61594820022583","2.61594820022583","757","757","757","","","","","",""
"3750","","","","","","","","","","","","","2.1843245029449463","2.1843245029449463","2.1843245029449463","759","759","759","","","","","",""
"3760","","","","","","","","","","","","","2.169537305831909","2.169537305831909","2.169537305831909","761","761","761","","","","","",""
"3770","","","","","","","","","","","","","2.1925299167633057","2.1925299167633057","2.1925299167633057","763","763","763","","","","","",""
"3780","","","","","","","","","","","","","2.188420295715332","2.188420295715332","2.188420295715332","765","765","765","","","","","",""
"3790","","","","","","","","","","","","","2.1943118572235107","2.1943118572235107","2.1943118572235107","767","767","767","","","","","",""
"3800","","","","","","","","","","","","","2.1870508193969727","2.1870508193969727","2.1870508193969727","769","769","769","","","","","",""
"3810","","","","","","","","","","","","","2.1732876300811768","2.1732876300811768","2.1732876300811768","771","771","771","","","","","",""
"3820","","","","","","","","","","","","","2.2126853466033936","2.2126853466033936","2.2126853466033936","773","773","773","","","","","",""
"3830","","","","","","","","","","","","","2.18076753616333","2.18076753616333","2.18076753616333","775","775","775","","","","","",""
"3840","","","","","","","","","","","","","2.1791794300079346","2.1791794300079346","2.1791794300079346","777","777","777","","","","","",""
"3850","","","","","","","","","","","","","2.199629783630371","2.199629783630371","2.199629783630371","779","779","779","","","","","",""
"3860","","","","","","","","","","","","","2.1856093406677246","2.1856093406677246","2.1856093406677246","781","781","781","","","","","",""
"3870","","","","","","","","","","","","","2.1888351440429688","2.1888351440429688","2.1888351440429688","783","783","783","","","","","",""
"3880","","","","","","","","","","","","","2.1777520179748535","2.1777520179748535","2.1777520179748535","785","785","785","","","","","",""
"3890","","","","","","","","","","","","","2.1850223541259766","2.1850223541259766","2.1850223541259766","787","787","787","","","","","",""
"3900","","","","","","","","","","","","","2.2152695655822754","2.2152695655822754","2.2152695655822754","789","789","789","","","","","",""
"3910","","","","","","","","","","","","","2.1790316104888916","2.1790316104888916","2.1790316104888916","791","791","791","","","","","",""
"3920","","","","","","","","","","","","","2.189192771911621","2.189192771911621","2.189192771911621","793","793","793","","","","","",""
"3930","","","","","","","","","","","","","2.201514482498169","2.201514482498169","2.201514482498169","795","795","795","","","","","",""
"3940","","","","","","","","","","","","","2.182986259460449","2.182986259460449","2.182986259460449","797","797","797","","","","","",""
"3950","","","","","","","","","","","","","2.180821180343628","2.180821180343628","2.180821180343628","799","799","799","","","","","",""
"3960","","","","","","","","","","","","","2.1916425228118896","2.1916425228118896","2.1916425228118896","801","801","801","","","","","",""
"3970","","","","","","","","","","","","","2.175814390182495","2.175814390182495","2.175814390182495","803","803","803","","","","","",""
"3980","","","","","","","","","","","","","2.1988441944122314","2.1988441944122314","2.1988441944122314","805","805","805","","","","","",""
"3990","","","","","","","","","","","","","2.176372528076172","2.176372528076172","2.176372528076172","807","807","807","","","","","",""
"4000","","","","","","","","","","","","","2.217512369155884","2.217512369155884","2.217512369155884","810","810","810","","","","","",""
"4010","","","","","","","2.196826696395874","2.196826696395874","2.196826696395874","3","3","3","2.4906065464019775","2.4906065464019775","2.4906065464019775","812","812","812","","","","","",""
"4020","","","","","","","2.176536798477173","2.176536798477173","2.176536798477173","5","5","5","2.180696964263916","2.180696964263916","2.180696964263916","814","814","814","","","","","",""
"4030","","","","","","","2.1738555431365967","2.1738555431365967","2.1738555431365967","7","7","7","2.206613302230835","2.206613302230835","2.206613302230835","816","816","816","","","","","",""
"4040","","","","","","","2.204394817352295","2.204394817352295","2.204394817352295","9","9","9","2.177727460861206","2.177727460861206","2.177727460861206","818","818","818","","","","","",""
"4050","","","","","","","2.1907289028167725","2.1907289028167725","2.1907289028167725","11","11","11","2.180804491043091","2.180804491043091","2.180804491043091","820","820","820","","","","","",""
"4060","","","","","","","2.1855928897857666","2.1855928897857666","2.1855928897857666","13","13","13","2.1905312538146973","2.1905312538146973","2.1905312538146973","822","822","822","","","","","",""
"4070","","","","","","","2.196216344833374","2.196216344833374","2.196216344833374","15","15","15","2.175508737564087","2.175508737564087","2.175508737564087","824","824","824","","","","","",""
"4080","","","","","","","2.1888010501861572","2.1888010501861572","2.1888010501861572","17","17","17","2.202383279800415","2.202383279800415","2.202383279800415","826","826","826","","","","","",""
"4090","","","","","","","2.1880030632019043","2.1880030632019043","2.1880030632019043","19","19","19","2.1792550086975098","2.1792550086975098","2.1792550086975098","828","828","828","","","","","",""
"4100","","","","","","","2.2165892124176025","2.2165892124176025","2.2165892124176025","21","21","21","2.1720762252807617","2.1720762252807617","2.1720762252807617","830","830","830","","","","","",""
"4110","","","","","","","2.1891281604766846","2.1891281604766846","2.1891281604766846","23","23","23","2.1958131790161133","2.1958131790161133","2.1958131790161133","832","832","832","","","","","",""
"4120","","","","","","","2.186798334121704","2.186798334121704","2.186798334121704","25","25","25","2.180448532104492","2.180448532104492","2.180448532104492","834","834","834","","","","","",""
"4130","","","","","","","2.208315134048462","2.208315134048462","2.208315134048462","27","27","27","2.1812496185302734","2.1812496185302734","2.1812496185302734","836","836","836","","","","","",""
"4140","","","","","","","2.190042018890381","2.190042018890381","2.190042018890381","29","29","29","2.207228660583496","2.207228660583496","2.207228660583496","838","838","838","","","","","",""
"4150","","","","","","","2.178757429122925","2.178757429122925","2.178757429122925","31","31","31","2.177584171295166","2.177584171295166","2.177584171295166","840","840","840","","","","","",""
"4160","","","","","","","2.2080934047698975","2.2080934047698975","2.2080934047698975","33","33","33","2.1847310066223145","2.1847310066223145","2.1847310066223145","842","842","842","","","","","",""
"4170","","","","","","","2.1767969131469727","2.1767969131469727","2.1767969131469727","35","35","35","2.172480821609497","2.172480821609497","2.172480821609497","844","844","844","","","","","",""
"4180","","","","","","","2.1865086555480957","2.1865086555480957","2.1865086555480957","37","37","37","2.178593397140503","2.178593397140503","2.178593397140503","846","846","846","","","","","",""
"4190","","","","","","","2.208979845046997","2.208979845046997","2.208979845046997","39","39","39","2.195864200592041","2.195864200592041","2.195864200592041","848","848","848","","","","","",""
"4200","","","","","","","2.182542324066162","2.182542324066162","2.182542324066162","41","41","41","2.1790056228637695","2.1790056228637695","2.1790056228637695","850","850","850","","","","","",""
"4210","","","","","","","2.1974239349365234","2.1974239349365234","2.1974239349365234","43","43","43","2.1801822185516357","2.1801822185516357","2.1801822185516357","852","852","852","","","","","",""
"4220","","","","","","","2.209038734436035","2.209038734436035","2.209038734436035","45","45","45","2.2085559368133545","2.2085559368133545","2.2085559368133545","854","854","854","","","","","",""
"4230","","","","","","","2.185976028442383","2.185976028442383","2.185976028442383","47","47","47","2.1813666820526123","2.1813666820526123","2.1813666820526123","856","856","856","","","","","",""
"4240","","","","","","","2.193530559539795","2.193530559539795","2.193530559539795","49","49","49","2.181971549987793","2.181971549987793","2.181971549987793","858","858","858","","","","","",""
"4250","","","","","","","2.1873929500579834","2.1873929500579834","2.1873929500579834","51","51","51","2.1975438594818115","2.1975438594818115","2.1975438594818115","860","860","860","","","","","",""
"4260","","","","","","","2.186218500137329","2.186218500137329","2.186218500137329","53","53","53","2.179969549179077","2.179969549179077","2.179969549179077","862","862","862","","","","","",""
"4270","","","","","","","2.207918643951416","2.207918643951416","2.207918643951416","55","55","55","2.1808063983917236","2.1808063983917236","2.1808063983917236","864","864","864","","","","","",""
"4280","","","","","","","2.1831908226013184","2.1831908226013184","2.1831908226013184","57","57","57","2.561293125152588","2.561293125152588","2.561293125152588","866","866","866","","","","","",""
"4290","","","","","","","2.1806728839874268","2.1806728839874268","2.1806728839874268","59","59","59","2.1782047748565674","2.1782047748565674","2.1782047748565674","868","868","868","","","","","",""
"4300","","","","","","","2.206449508666992","2.206449508666992","2.206449508666992","61","61","61","2.191533327102661","2.191533327102661","2.191533327102661","870","870","870","","","","","",""
"4310","","","","","","","2.18459415435791","2.18459415435791","2.18459415435791","63","63","63","2.1731319427490234","2.1731319427490234","2.1731319427490234","872","872","872","","","","","",""
"4320","","","","","","","2.1904122829437256","2.1904122829437256","2.1904122829437256","65","65","65","2.183213233947754","2.183213233947754","2.183213233947754","874","874","874","","","","","",""
"4330","","","","","","","2.2204482555389404","2.2204482555389404","2.2204482555389404","67","67","67","2.2082245349884033","2.2082245349884033","2.2082245349884033","876","876","876","","","","","",""
"4340","","","","","","","2.1857104301452637","2.1857104301452637","2.1857104301452637","69","69","69","2.1780598163604736","2.1780598163604736","2.1780598163604736","878","878","878","","","","","",""
"4350","","","","","","","2.191537380218506","2.191537380218506","2.191537380218506","71","71","71","2.18355655670166","2.18355655670166","2.18355655670166","880","880","880","","","","","",""
"4360","","","","","","","2.210865020751953","2.210865020751953","2.210865020751953","73","73","73","2.198246717453003","2.198246717453003","2.198246717453003","882","882","882","","","","","",""
"4370","","","","","","","2.1855900287628174","2.1855900287628174","2.1855900287628174","75","75","75","2.181549549102783","2.181549549102783","2.181549549102783","884","884","884","","","","","",""
"4380","","","","","","","2.181009531021118","2.181009531021118","2.181009531021118","77","77","77","2.1742522716522217","2.1742522716522217","2.1742522716522217","886","886","886","","","","","",""
"4390","","","","","","","2.2149596214294434","2.2149596214294434","2.2149596214294434","79","79","79","2.1996898651123047","2.1996898651123047","2.1996898651123047","888","888","888","","","","","",""
"4400","","","","","","","2.1888034343719482","2.1888034343719482","2.1888034343719482","81","81","81","2.182684898376465","2.182684898376465","2.182684898376465","890","890","890","","","","","",""
"4410","","","","","","","2.18511962890625","2.18511962890625","2.18511962890625","83","83","83","2.1958248615264893","2.1958248615264893","2.1958248615264893","892","892","892","","","","","",""
"4420","","","","","","","2.200805902481079","2.200805902481079","2.200805902481079","85","85","85","2.181016206741333","2.181016206741333","2.181016206741333","894","894","894","","","","","",""
"4430","","","","","","","2.183807373046875","2.183807373046875","2.183807373046875","87","87","87","2.1772730350494385","2.1772730350494385","2.1772730350494385","896","896","896","","","","","",""
"4440","","","","","","","2.1901071071624756","2.1901071071624756","2.1901071071624756","89","89","89","2.1983985900878906","2.1983985900878906","2.1983985900878906","898","898","898","","","","","",""
"4450","","","","","","","2.192671298980713","2.192671298980713","2.192671298980713","91","91","91","2.504504919052124","2.504504919052124","2.504504919052124","900","900","900","","","","","",""
"4460","","","","","","","2.541520833969116","2.541520833969116","2.541520833969116","93","93","93","2.1705524921417236","2.1705524921417236","2.1705524921417236","902","902","902","","","","","",""
"4470","","","","","","","2.1985251903533936","2.1985251903533936","2.1985251903533936","95","95","95","2.19842791557312","2.19842791557312","2.19842791557312","904","904","904","","","","","",""
"4480","","","","","","","2.1910624504089355","2.1910624504089355","2.1910624504089355","97","97","97","2.1747848987579346","2.1747848987579346","2.1747848987579346","906","906","906","","","","","",""
"4490","","","","","","","2.1839852333068848","2.1839852333068848","2.1839852333068848","99","99","99","2.1794183254241943","2.1794183254241943","2.1794183254241943","908","908","908","","","","","",""
"4500","","","","","","","2.191265821456909","2.191265821456909","2.191265821456909","102","102","102","2.1803174018859863","2.1803174018859863","2.1803174018859863","911","911","911","","","","","",""
"4510","","","","","","","2.1877365112304688","2.1877365112304688","2.1877365112304688","104","104","104","2.1720635890960693","2.1720635890960693","2.1720635890960693","913","913","913","","","","","",""
"4520","","","","","","","2.1972827911376953","2.1972827911376953","2.1972827911376953","106","106","106","2.207134246826172","2.207134246826172","2.207134246826172","915","915","915","","","","","",""
"4530","","","","","","","2.198237419128418","2.198237419128418","2.198237419128418","108","108","108","2.189135789871216","2.189135789871216","2.189135789871216","917","917","917","","","","","",""
"4540","","","","","","","2.186382293701172","2.186382293701172","2.186382293701172","110","110","110","2.179938554763794","2.179938554763794","2.179938554763794","919","919","919","","","","","",""
"4550","","","","","","","2.221961498260498","2.221961498260498","2.221961498260498","112","112","112","2.2033681869506836","2.2033681869506836","2.2033681869506836","921","921","921","","","","","",""
"4560","","","","","","","2.1829559803009033","2.1829559803009033","2.1829559803009033","114","114","114","2.177485466003418","2.177485466003418","2.177485466003418","923","923","923","","","","","",""
"4570","","","","","","","2.1904053688049316","2.1904053688049316","2.1904053688049316","116","116","116","2.176269054412842","2.176269054412842","2.176269054412842","925","925","925","","","","","",""
"4580","","","","","","","2.2110559940338135","2.2110559940338135","2.2110559940338135","118","118","118","2.20381236076355","2.20381236076355","2.20381236076355","927","927","927","","","","","",""
"4590","","","","","","","2.1757869720458984","2.1757869720458984","2.1757869720458984","120","120","120","","","","","","","","","","","",""
"4600","","","","","","","2.1753458976745605","2.1753458976745605","2.1753458976745605","122","122","122","","","","","","","","","","","",""
"4610","","","","","","","2.195061683654785","2.195061683654785","2.195061683654785","124","124","124","","","","","","","","","","","",""
"4620","","","","","","","2.184403419494629","2.184403419494629","2.184403419494629","126","126","126","","","","","","","","","","","",""
"4630","","","","","","","2.180065870285034","2.180065870285034","2.180065870285034","128","128","128","","","","","","","","","","","",""
"4640","","","","","","","2.1932406425476074","2.1932406425476074","2.1932406425476074","130","130","130","","","","","","","","","","","",""
"4650","","","","","","","2.1729378700256348","2.1729378700256348","2.1729378700256348","132","132","132","","","","","","","","","","","",""
"4660","","","","","","","2.1947336196899414","2.1947336196899414","2.1947336196899414","134","134","134","","","","","","","","","","","",""
"4670","","","","","","","2.1896932125091553","2.1896932125091553","2.1896932125091553","136","136","136","","","","","","","","","","","",""
"4680","","","","","","","2.1884207725524902","2.1884207725524902","2.1884207725524902","138","138","138","","","","","","","","","","","",""
"4690","","","","","","","2.207791805267334","2.207791805267334","2.207791805267334","140","140","140","","","","","","","","","","","",""
"4700","","","","","","","2.187812089920044","2.187812089920044","2.187812089920044","142","142","142","","","","","","","","","","","",""
"4710","","","","","","","2.1863174438476562","2.1863174438476562","2.1863174438476562","144","144","144","","","","","","","","","","","",""
"4720","","","","","","","2.2076265811920166","2.2076265811920166","2.2076265811920166","146","146","146","","","","","","","","","","","",""
"4730","","","","","","","2.531619071960449","2.531619071960449","2.531619071960449","148","148","148","","","","","","","","","","","",""
"4740","","","","","","","2.1832311153411865","2.1832311153411865","2.1832311153411865","150","150","150","","","","","","","","","","","",""
"4750","","","","","","","2.212125301361084","2.212125301361084","2.212125301361084","152","152","152","","","","","","","","","","","",""
"4760","","","","","","","2.1886868476867676","2.1886868476867676","2.1886868476867676","154","154","154","","","","","","","","","","","",""
"4770","","","","","","","2.1837944984436035","2.1837944984436035","2.1837944984436035","156","156","156","","","","","","","","","","","",""
"4780","","","","","","","2.204977035522461","2.204977035522461","2.204977035522461","158","158","158","","","","","","","","","","","",""
"4790","","","","","","","2.1827392578125","2.1827392578125","2.1827392578125","160","160","160","","","","","","","","","","","",""
"4800","","","","","","","2.1778271198272705","2.1778271198272705","2.1778271198272705","162","162","162","","","","","","","","","","","",""
"4810","","","","","","","2.2022507190704346","2.2022507190704346","2.2022507190704346","164","164","164","","","","","","","","","","","",""
"4820","","","","","","","2.18669056892395","2.18669056892395","2.18669056892395","166","166","166","","","","","","","","","","","",""
"4830","","","","","","","2.186737537384033","2.186737537384033","2.186737537384033","168","168","168","","","","","","","","","","","",""
"4840","","","","","","","2.1833577156066895","2.1833577156066895","2.1833577156066895","170","170","170","","","","","","","","","","","",""
"4850","","","","","","","2.1743197441101074","2.1743197441101074","2.1743197441101074","172","172","172","","","","","","","","","","","",""
"4860","","","","","","","2.1918652057647705","2.1918652057647705","2.1918652057647705","174","174","174","","","","","","","","","","","",""
"4870","","","","","","","2.177363395690918","2.177363395690918","2.177363395690918","176","176","176","","","","","","","","","","","",""
"4880","","","","","","","2.180664300918579","2.180664300918579","2.180664300918579","178","178","178","","","","","","","","","","","",""
"4890","","","","","","","2.1973586082458496","2.1973586082458496","2.1973586082458496","180","180","180","","","","","","","","","","","",""
"4900","","","","","","","2.1871583461761475","2.1871583461761475","2.1871583461761475","182","182","182","","","","","","","","","","","",""
"4910","","","","","","","2.1828105449676514","2.1828105449676514","2.1828105449676514","184","184","184","","","","","","","","","","","",""
"4920","","","","","","","2.208996295928955","2.208996295928955","2.208996295928955","186","186","186","","","","","","","","","","","",""
"4930","","","","","","","2.175783157348633","2.175783157348633","2.175783157348633","188","188","188","","","","","","","","","","","",""
"4940","","","","","","","2.184326171875","2.184326171875","2.184326171875","190","190","190","","","","","","","","","","","",""
"4950","","","","","","","2.199399948120117","2.199399948120117","2.199399948120117","192","192","192","","","","","","","","","","","",""
"4960","","","","","","","2.1777734756469727","2.1777734756469727","2.1777734756469727","194","194","194","","","","","","","","","","","",""
"4970","","","","","","","2.1850743293762207","2.1850743293762207","2.1850743293762207","196","196","196","","","","","","","","","","","",""
"4980","","","","","","","2.2127575874328613","2.2127575874328613","2.2127575874328613","198","198","198","","","","","","","","","","","",""
"4990","","","","","","","2.182990312576294","2.182990312576294","2.182990312576294","200","200","200","","","","","","","","","","","",""
"5000","","","","","","","2.185473680496216","2.185473680496216","2.185473680496216","203","203","203","","","","","","","","","","","",""
"5010","2.134889602661133","2.134889602661133","2.134889602661133","3","3","3","2.190141201019287","2.190141201019287","2.190141201019287","205","205","205","","","","","","","","","","","",""
"5020","2.1717114448547363","2.1717114448547363","2.1717114448547363","5","5","5","2.182426691055298","2.182426691055298","2.182426691055298","207","207","207","","","","","","","","","","","",""
"5030","2.2577528953552246","2.2577528953552246","2.2577528953552246","7","7","7","2.2005743980407715","2.2005743980407715","2.2005743980407715","209","209","209","","","","","","","","","","","",""
"5040","2.24472975730896","2.24472975730896","2.24472975730896","9","9","9","2.181401014328003","2.181401014328003","2.181401014328003","211","211","211","","","","","","","","","","","",""
"5050","2.219169855117798","2.219169855117798","2.219169855117798","11","11","11","2.181142568588257","2.181142568588257","2.181142568588257","213","213","213","","","","","","","","","","","",""
"5060","2.2003190517425537","2.2003190517425537","2.2003190517425537","13","13","13","2.20219349861145","2.20219349861145","2.20219349861145","215","215","215","","","","","","","","","","","",""
"5070","2.2254703044891357","2.2254703044891357","2.2254703044891357","15","15","15","2.176182270050049","2.176182270050049","2.176182270050049","217","217","217","","","","","","","","","","","",""
"5080","2.2361366748809814","2.2361366748809814","2.2361366748809814","17","17","17","2.1793317794799805","2.1793317794799805","2.1793317794799805","219","219","219","","","","","","","","","","","",""
"5090","2.208066701889038","2.208066701889038","2.208066701889038","19","19","19","2.2114875316619873","2.2114875316619873","2.2114875316619873","221","221","221","","","","","","","","","","","",""
"5100","2.2138967514038086","2.2138967514038086","2.2138967514038086","21","21","21","2.1886165142059326","2.1886165142059326","2.1886165142059326","223","223","223","","","","","","","","","","","",""
"5110","2.2197508811950684","2.2197508811950684","2.2197508811950684","23","23","23","2.183220148086548","2.183220148086548","2.183220148086548","225","225","225","","","","","","","","","","","",""
"5120","2.2384157180786133","2.2384157180786133","2.2384157180786133","25","25","25","2.1982157230377197","2.1982157230377197","2.1982157230377197","227","227","227","","","","","","","","","","","",""
"5130","2.220630645751953","2.220630645751953","2.220630645751953","27","27","27","2.1864206790924072","2.1864206790924072","2.1864206790924072","229","229","229","","","","","","","","","","","",""
"5140","2.21207594871521","2.21207594871521","2.21207594871521","29","29","29","2.183119535446167","2.183119535446167","2.183119535446167","231","231","231","","","","","","","","","","","",""
"5150","2.2366814613342285","2.2366814613342285","2.2366814613342285","31","31","31","2.1888787746429443","2.1888787746429443","2.1888787746429443","233","233","233","","","","","","","","","","","",""
"5160","2.2296957969665527","2.2296957969665527","2.2296957969665527","33","33","33","2.1812679767608643","2.1812679767608643","2.1812679767608643","235","235","235","","","","","","","","","","","",""
"5170","2.2129926681518555","2.2129926681518555","2.2129926681518555","35","35","35","2.1925814151763916","2.1925814151763916","2.1925814151763916","237","237","237","","","","","","","","","","","",""
"5180","2.2122790813446045","2.2122790813446045","2.2122790813446045","37","37","37","2.1774802207946777","2.1774802207946777","2.1774802207946777","239","239","239","","","","","","","","","","","",""
"5190","2.223283290863037","2.223283290863037","2.223283290863037","39","39","39","2.1774730682373047","2.1774730682373047","2.1774730682373047","241","241","241","","","","","","","","","","","",""
"5200","2.224257707595825","2.224257707595825","2.224257707595825","41","41","41","2.201188564300537","2.201188564300537","2.201188564300537","243","243","243","","","","","","","","","","","",""
"5210","2.220385789871216","2.220385789871216","2.220385789871216","43","43","43","2.190124034881592","2.190124034881592","2.190124034881592","245","245","245","","","","","","","","","","","",""
"5220","2.2125678062438965","2.2125678062438965","2.2125678062438965","45","45","45","2.1767420768737793","2.1767420768737793","2.1767420768737793","247","247","247","","","","","","","","","","","",""
"5230","2.2285549640655518","2.2285549640655518","2.2285549640655518","47","47","47","2.2090566158294678","2.2090566158294678","2.2090566158294678","249","249","249","","","","","","","","","","","",""
"5240","2.2048850059509277","2.2048850059509277","2.2048850059509277","49","49","49","2.1785218715667725","2.1785218715667725","2.1785218715667725","251","251","251","","","","","","","","","","","",""
"5250","2.2092678546905518","2.2092678546905518","2.2092678546905518","51","51","51","2.1790966987609863","2.1790966987609863","2.1790966987609863","253","253","253","","","","","","","","","","","",""
"5260","2.217503547668457","2.217503547668457","2.217503547668457","53","53","53","2.19842267036438","2.19842267036438","2.19842267036438","255","255","255","","","","","","","","","","","",""
"5270","2.2563209533691406","2.2563209533691406","2.2563209533691406","55","55","55","2.174813985824585","2.174813985824585","2.174813985824585","257","257","257","","","","","","","","","","","",""
"5280","2.2154290676116943","2.2154290676116943","2.2154290676116943","57","57","57","2.182455539703369","2.182455539703369","2.182455539703369","259","259","259","","","","","","","","","","","",""
"5290","2.207279682159424","2.207279682159424","2.207279682159424","59","59","59","2.1969799995422363","2.1969799995422363","2.1969799995422363","261","261","261","","","","","","","","","","","",""
"5300","2.2158727645874023","2.2158727645874023","2.2158727645874023","61","61","61","2.1821956634521484","2.1821956634521484","2.1821956634521484","263","263","263","","","","","","","","","","","",""
"5310","2.263371706008911","2.263371706008911","2.263371706008911","63","63","63","2.1797337532043457","2.1797337532043457","2.1797337532043457","265","265","265","","","","","","","","","","","",""
"5320","2.464430809020996","2.464430809020996","2.464430809020996","65","65","65","2.20713472366333","2.20713472366333","2.20713472366333","267","267","267","","","","","","","","","","","",""
"5330","2.2202632427215576","2.2202632427215576","2.2202632427215576","67","67","67","2.178605556488037","2.178605556488037","2.178605556488037","269","269","269","","","","","","","","","","","",""
"5340","2.2218282222747803","2.2218282222747803","2.2218282222747803","69","69","69","2.189030885696411","2.189030885696411","2.189030885696411","271","271","271","","","","","","","","","","","",""
"5350","2.241474151611328","2.241474151611328","2.241474151611328","71","71","71","2.176298141479492","2.176298141479492","2.176298141479492","273","273","273","","","","","","","","","","","",""
"5360","2.2114100456237793","2.2114100456237793","2.2114100456237793","73","73","73","2.1824378967285156","2.1824378967285156","2.1824378967285156","275","275","275","","","","","","","","","","","",""
"5370","2.211731433868408","2.211731433868408","2.211731433868408","75","75","75","2.5947787761688232","2.5947787761688232","2.5947787761688232","277","277","277","","","","","","","","","","","",""
"5380","2.2230162620544434","2.2230162620544434","2.2230162620544434","77","77","77","2.1803927421569824","2.1803927421569824","2.1803927421569824","279","279","279","","","","","","","","","","","",""
"5390","2.2389509677886963","2.2389509677886963","2.2389509677886963","79","79","79","2.1808507442474365","2.1808507442474365","2.1808507442474365","281","281","281","","","","","","","","","","","",""
"5400","2.211775302886963","2.211775302886963","2.211775302886963","81","81","81","2.2087314128875732","2.2087314128875732","2.2087314128875732","283","283","283","","","","","","","","","","","",""
"5410","2.2116641998291016","2.2116641998291016","2.2116641998291016","83","83","83","2.1752336025238037","2.1752336025238037","2.1752336025238037","285","285","285","","","","","","","","","","","",""
"5420","2.2089340686798096","2.2089340686798096","2.2089340686798096","85","85","85","2.1800999641418457","2.1800999641418457","2.1800999641418457","287","287","287","","","","","","","","","","","",""
"5430","2.2381787300109863","2.2381787300109863","2.2381787300109863","87","87","87","2.1989340782165527","2.1989340782165527","2.1989340782165527","289","289","289","","","","","","","","","","","",""
"5440","2.213829755783081","2.213829755783081","2.213829755783081","89","89","89","2.1848201751708984","2.1848201751708984","2.1848201751708984","291","291","291","","","","","","","","","","","",""
"5450","2.2031900882720947","2.2031900882720947","2.2031900882720947","91","91","91","2.1784989833831787","2.1784989833831787","2.1784989833831787","293","293","293","","","","","","","","","","","",""
"5460","2.2187743186950684","2.2187743186950684","2.2187743186950684","93","93","93","2.210496664047241","2.210496664047241","2.210496664047241","295","295","295","","","","","","","","","","","",""
"5470","2.2487075328826904","2.2487075328826904","2.2487075328826904","95","95","95","2.497581720352173","2.497581720352173","2.497581720352173","297","297","297","","","","","","","","","","","",""
"5480","2.2197065353393555","2.2197065353393555","2.2197065353393555","97","97","97","2.18129563331604","2.18129563331604","2.18129563331604","299","299","299","","","","","","","","","","","",""
"5490","2.2136459350585938","2.2136459350585938","2.2136459350585938","99","99","99","2.1890814304351807","2.1890814304351807","2.1890814304351807","301","301","301","","","","","","","","","","","",""
"5500","2.2178518772125244","2.2178518772125244","2.2178518772125244","102","102","102","","","","","","","","","","","","","","","","","",""
"5510","2.2388691902160645","2.2388691902160645","2.2388691902160645","104","104","104","","","","","","","","","","","","","","","","","",""
"5520","2.244799852371216","2.244799852371216","2.244799852371216","106","106","106","","","","","","","","","","","","","","","","","",""
"5530","2.2134346961975098","2.2134346961975098","2.2134346961975098","108","108","108","","","","","","","","","","","","","","","","","",""
"5540","2.2098307609558105","2.2098307609558105","2.2098307609558105","110","110","110","","","","","","","","","","","","","","","","","",""
"5550","2.5533945560455322","2.5533945560455322","2.5533945560455322","112","112","112","","","","","","","","","","","","","","","","","",""
"5560","2.2211055755615234","2.2211055755615234","2.2211055755615234","114","114","114","","","","","","","","","","","","","","","","","",""
"5570","2.2148964405059814","2.2148964405059814","2.2148964405059814","116","116","116","","","","","","","","","","","","","","","","","",""
"5580","2.2085745334625244","2.2085745334625244","2.2085745334625244","118","118","118","","","","","","","","","","","","","","","","","",""
"5590","2.2402212619781494","2.2402212619781494","2.2402212619781494","120","120","120","","","","","","","","","","","","","","","","","",""
"5600","2.2121450901031494","2.2121450901031494","2.2121450901031494","122","122","122","","","","","","","","","","","","","","","","","",""
"5610","2.2127506732940674","2.2127506732940674","2.2127506732940674","124","124","124","","","","","","","","","","","","","","","","","",""
"5620","2.2139947414398193","2.2139947414398193","2.2139947414398193","126","126","126","","","","","","","","","","","","","","","","","",""
"5630","2.2413458824157715","2.2413458824157715","2.2413458824157715","128","128","128","","","","","","","","","","","","","","","","","",""
"5640","2.213449478149414","2.213449478149414","2.213449478149414","130","130","130","","","","","","","","","","","","","","","","","",""
"5650","2.449507713317871","2.449507713317871","2.449507713317871","132","132","132","","","","","","","","","","","","","","","","","",""
"5660","2.2134792804718018","2.2134792804718018","2.2134792804718018","134","134","134","","","","","","","","","","","","","","","","","",""
"5670","2.238048553466797","2.238048553466797","2.238048553466797","136","136","136","","","","","","","","","","","","","","","","","",""
"5680","2.2126970291137695","2.2126970291137695","2.2126970291137695","138","138","138","","","","","","","","","","","","","","","","","",""
"5690","2.2101385593414307","2.2101385593414307","2.2101385593414307","140","140","140","","","","","","","","","","","","","","","","","",""
"5700","2.225278377532959","2.225278377532959","2.225278377532959","142","142","142","","","","","","","","","","","","","","","","","",""
"5710","2.236506223678589","2.236506223678589","2.236506223678589","144","144","144","","","","","","","","","","","","","","","","","",""
"5720","2.207180976867676","2.207180976867676","2.207180976867676","146","146","146","","","","","","","","","","","","","","","","","",""
"5730","2.207836389541626","2.207836389541626","2.207836389541626","148","148","148","","","","","","","","","","","","","","","","","",""
"5740","2.2215888500213623","2.2215888500213623","2.2215888500213623","150","150","150","","","","","","","","","","","","","","","","","",""
"5750","2.2162411212921143","2.2162411212921143","2.2162411212921143","152","152","152","","","","","","","","","","","","","","","","","",""
"5760","2.210876941680908","2.210876941680908","2.210876941680908","154","154","154","","","","","","","","","","","","","","","","","",""
"5770","2.219620943069458","2.219620943069458","2.219620943069458","156","156","156","","","","","","","","","","","","","","","","","",""
"5780","2.247344493865967","2.247344493865967","2.247344493865967","158","158","158","","","","","","","","","","","","","","","","","",""
"5790","2.2318918704986572","2.2318918704986572","2.2318918704986572","160","160","160","","","","","","","","","","","","","","","","","",""
"5800","2.211791753768921","2.211791753768921","2.211791753768921","162","162","162","","","","","","","","","","","","","","","","","",""
"5810","2.205582618713379","2.205582618713379","2.205582618713379","164","164","164","","","","","","","","","","","","","","","","","",""
"5820","2.216459274291992","2.216459274291992","2.216459274291992","166","166","166","","","","","","","","","","","","","","","","","",""
"5830","2.2198421955108643","2.2198421955108643","2.2198421955108643","168","168","168","","","","","","","","","","","","","","","","","",""
"5840","2.2061760425567627","2.2061760425567627","2.2061760425567627","170","170","170","","","","","","","","","","","","","","","","","",""
"5850","2.2107110023498535","2.2107110023498535","2.2107110023498535","172","172","172","","","","","","","","","","","","","","","","","",""
"5860","2.213472843170166","2.213472843170166","2.213472843170166","174","174","174","","","","","","","","","","","","","","","","","",""
"5870","2.213639497756958","2.213639497756958","2.213639497756958","176","176","176","","","","","","","","","","","","","","","","","",""
"5880","2.206923007965088","2.206923007965088","2.206923007965088","178","178","178","","","","","","","","","","","","","","","","","",""
"5890","2.2010550498962402","2.2010550498962402","2.2010550498962402","180","180","180","","","","","","","","","","","","","","","","","",""
"5900","2.2296745777130127","2.2296745777130127","2.2296745777130127","182","182","182","","","","","","","","","","","","","","","","","",""
"5910","2.2210874557495117","2.2210874557495117","2.2210874557495117","184","184","184","","","","","","","","","","","","","","","","","",""
"5920","2.2089450359344482","2.2089450359344482","2.2089450359344482","186","186","186","","","","","","","","","","","","","","","","","",""
"5930","2.210909843444824","2.210909843444824","2.210909843444824","188","188","188","","","","","","","","","","","","","","","","","",""
"5940","2.243130922317505","2.243130922317505","2.243130922317505","190","190","190","","","","","","","","","","","","","","","","","",""
"5950","2.210484743118286","2.210484743118286","2.210484743118286","192","192","192","","","","","","","","","","","","","","","","","",""
"5960","2.2063827514648438","2.2063827514648438","2.2063827514648438","194","194","194","","","","","","","","","","","","","","","","","",""
"5970","2.210604667663574","2.210604667663574","2.210604667663574","196","196","196","","","","","","","","","","","","","","","","","",""
"5980","2.6278207302093506","2.6278207302093506","2.6278207302093506","198","198","198","","","","","","","","","","","","","","","","","",""
"5990","2.2202980518341064","2.2202980518341064","2.2202980518341064","200","200","200","","","","","","","","","","","","","","","","","",""
"6000","2.20466947555542","2.20466947555542","2.20466947555542","203","203","203","","","","","","","","","","","","","","","","","",""
"6010","2.2108631134033203","2.2108631134033203","2.2108631134033203","205","205","205","","","","","","","","","","","","","","","","","",""
"6020","2.2310240268707275","2.2310240268707275","2.2310240268707275","207","207","207","","","","","","","","","","","","","","","","","",""
"6030","2.2187626361846924","2.2187626361846924","2.2187626361846924","209","209","209","","","","","","","","","","","","","","","","","",""
"6040","2.2223737239837646","2.2223737239837646","2.2223737239837646","211","211","211","","","","","","","","","","","","","","","","","",""
"6050","2.2237789630889893","2.2237789630889893","2.2237789630889893","213","213","213","","","","","","","","","","","","","","","","","",""
"6060","2.2537035942077637","2.2537035942077637","2.2537035942077637","215","215","215","","","","","","","","","","","","","","","","","",""
"6070","2.2125051021575928","2.2125051021575928","2.2125051021575928","217","217","217","","","","","","","","","","","","","","","","","",""
"6080","2.2204837799072266","2.2204837799072266","2.2204837799072266","219","219","219","","","","","","","","","","","","","","","","","",""
"6090","2.2072019577026367","2.2072019577026367","2.2072019577026367","221","221","221","","","","","","","","","","","","","","","","","",""
"6100","2.2390120029449463","2.2390120029449463","2.2390120029449463","223","223","223","","","","","","","","","","","","","","","","","",""
"6110","2.2162671089172363","2.2162671089172363","2.2162671089172363","225","225","225","","","","","","","","","","","","","","","","","",""
"6120","2.210883617401123","2.210883617401123","2.210883617401123","227","227","227","","","","","","","","","","","","","","","","","",""
"6130","2.217818260192871","2.217818260192871","2.217818260192871","229","229","229","","","","","","","","","","","","","","","","","",""
"6140","2.2467615604400635","2.2467615604400635","2.2467615604400635","231","231","231","","","","","","","","","","","","","","","","","",""
"6150","2.2083542346954346","2.2083542346954346","2.2083542346954346","233","233","233","","","","","","","","","","","","","","","","","",""
"6160","2.210702896118164","2.210702896118164","2.210702896118164","235","235","235","","","","","","","","","","","","","","","","","",""
"6170","2.230503559112549","2.230503559112549","2.230503559112549","237","237","237","","","","","","","","","","","","","","","","","",""
"6180","2.236384153366089","2.236384153366089","2.236384153366089","239","239","239","","","","","","","","","","","","","","","","","",""
"6190","2.209770441055298","2.209770441055298","2.209770441055298","241","241","241","","","","","","","","","","","","","","","","","",""
"6200","2.2165114879608154","2.2165114879608154","2.2165114879608154","243","243","243","","","","","","","","","","","","","","","","","",""
"6210","2.250687837600708","2.250687837600708","2.250687837600708","245","245","245","","","","","","","","","","","","","","","","","",""
"6220","2.2527005672454834","2.2527005672454834","2.2527005672454834","247","247","247","","","","","","","","","","","","","","","","","",""
"6230","2.2126924991607666","2.2126924991607666","2.2126924991607666","249","249","249","","","","","","","","","","","","","","","","","",""
"6240","2.210845947265625","2.210845947265625","2.210845947265625","251","251","251","","","","","","","","","","","","","","","","","",""
"6250","2.2247869968414307","2.2247869968414307","2.2247869968414307","253","253","253","","","","","","","","","","","","","","","","","",""
"6260","2.222540855407715","2.222540855407715","2.222540855407715","255","255","255","","","","","","","","","","","","","","","","","",""
"6270","2.2187585830688477","2.2187585830688477","2.2187585830688477","257","257","257","","","","","","","","","","","","","","","","","",""
"6280","2.208524703979492","2.208524703979492","2.208524703979492","259","259","259","","","","","","","","","","","","","","","","","",""
"6290","2.2376837730407715","2.2376837730407715","2.2376837730407715","261","261","261","","","","","","","","","","","","","","","","","",""
"6300","2.2069170475006104","2.2069170475006104","2.2069170475006104","263","263","263","","","","","","","","","","","","","","","","","",""
"6310","2.208462715148926","2.208462715148926","2.208462715148926","265","265","265","","","","","","","","","","","","","","","","","",""
"6320","2.215610980987549","2.215610980987549","2.215610980987549","267","267","267","","","","","","","","","","","","","","","","","",""
"6330","2.233983039855957","2.233983039855957","2.233983039855957","269","269","269","","","","","","","","","","","","","","","","","",""
"6340","2.2059237957000732","2.2059237957000732","2.2059237957000732","271","271","271","","","","","","","","","","","","","","","","","",""
"6350","2.2051570415496826","2.2051570415496826","2.2051570415496826","273","273","273","","","","","","","","","","","","","","","","","",""
"6360","2.212374210357666","2.212374210357666","2.212374210357666","275","275","275","","","","","","","","","","","","","","","","","",""