"train/global_step","glad-glitter-9 - train/epoch","glad-glitter-9 - train/epoch__MIN","glad-glitter-9 - train/epoch__MAX","glad-glitter-9 - _step","glad-glitter-9 - _step__MIN","glad-glitter-9 - _step__MAX","sleek-moon-7 - train/epoch","sleek-moon-7 - train/epoch__MIN","sleek-moon-7 - train/epoch__MAX","sleek-moon-7 - _step","sleek-moon-7 - _step__MIN","sleek-moon-7 - _step__MAX","magic-universe-6 - train/epoch","magic-universe-6 - train/epoch__MIN","magic-universe-6 - train/epoch__MAX","magic-universe-6 - _step","magic-universe-6 - _step__MIN","magic-universe-6 - _step__MAX","visionary-oath-5 - train/epoch","visionary-oath-5 - train/epoch__MIN","visionary-oath-5 - train/epoch__MAX","visionary-oath-5 - _step","visionary-oath-5 - _step__MIN","visionary-oath-5 - _step__MAX"
"1","","","","","","","","","","","","","0.00047058823529411766","0.00047058823529411766","0.00047058823529411766","1","1","1","0.00007700674771626864","0.00007700674771626864","0.00007700674771626864","1","1","1"
"10","","","","","","","","","","","","","0.004705882352941176","0.004705882352941176","0.004705882352941176","3","3","3","0.0007700674771626864","0.0007700674771626864","0.0007700674771626864","3","3","3"
"20","","","","","","","","","","","","","0.009411764705882352","0.009411764705882352","0.009411764705882352","5","5","5","0.0015401349543253727","0.0015401349543253727","0.0015401349543253727","5","5","5"
"30","","","","","","","","","","","","","0.01411764705882353","0.01411764705882353","0.01411764705882353","7","7","7","0.002310202431488059","0.002310202431488059","0.002310202431488059","7","7","7"
"40","","","","","","","","","","","","","0.018823529411764704","0.018823529411764704","0.018823529411764704","9","9","9","0.0030802699086507454","0.0030802699086507454","0.0030802699086507454","9","9","9"
"50","","","","","","","","","","","","","0.023529411764705882","0.023529411764705882","0.023529411764705882","11","11","11","0.003850337385813432","0.003850337385813432","0.003850337385813432","11","11","11"
"60","","","","","","","","","","","","","0.02823529411764706","0.02823529411764706","0.02823529411764706","13","13","13","0.004620404862976118","0.004620404862976118","0.004620404862976118","13","13","13"
"70","","","","","","","","","","","","","0.03294117647058824","0.03294117647058824","0.03294117647058824","15","15","15","0.005390472340138805","0.005390472340138805","0.005390472340138805","15","15","15"
"80","","","","","","","","","","","","","0.03764705882352941","0.03764705882352941","0.03764705882352941","17","17","17","0.006160539817301491","0.006160539817301491","0.006160539817301491","17","17","17"
"90","","","","","","","","","","","","","0.042352941176470586","0.042352941176470586","0.042352941176470586","19","19","19","0.006930607294464177","0.006930607294464177","0.006930607294464177","19","19","19"
"100","","","","","","","","","","","","","0.047058823529411764","0.047058823529411764","0.047058823529411764","21","21","21","0.007700674771626864","0.007700674771626864","0.007700674771626864","21","21","21"
"110","","","","","","","","","","","","","0.05176470588235294","0.05176470588235294","0.05176470588235294","23","23","23","0.00847074224878955","0.00847074224878955","0.00847074224878955","23","23","23"
"120","","","","","","","","","","","","","0.05647058823529412","0.05647058823529412","0.05647058823529412","25","25","25","0.009240809725952237","0.009240809725952237","0.009240809725952237","25","25","25"
"130","","","","","","","","","","","","","0.0611764705882353","0.0611764705882353","0.0611764705882353","27","27","27","0.010010877203114924","0.010010877203114924","0.010010877203114924","27","27","27"
"140","","","","","","","","","","","","","0.06588235294117648","0.06588235294117648","0.06588235294117648","29","29","29","0.01078094468027761","0.01078094468027761","0.01078094468027761","29","29","29"
"150","","","","","","","","","","","","","0.07058823529411765","0.07058823529411765","0.07058823529411765","31","31","31","0.011551012157440296","0.011551012157440296","0.011551012157440296","31","31","31"
"160","","","","","","","","","","","","","0.07529411764705882","0.07529411764705882","0.07529411764705882","33","33","33","0.012321079634602982","0.012321079634602982","0.012321079634602982","33","33","33"
"170","","","","","","","","","","","","","0.08","0.08","0.08","35","35","35","0.013091147111765669","0.013091147111765669","0.013091147111765669","35","35","35"
"180","","","","","","","","","","","","","0.08470588235294117","0.08470588235294117","0.08470588235294117","37","37","37","0.013861214588928354","0.013861214588928354","0.013861214588928354","37","37","37"
"190","","","","","","","","","","","","","0.08941176470588236","0.08941176470588236","0.08941176470588236","39","39","39","0.014631282066091041","0.014631282066091041","0.014631282066091041","39","39","39"
"200","","","","","","","","","","","","","0.09411764705882353","0.09411764705882353","0.09411764705882353","41","41","41","0.015401349543253728","0.015401349543253728","0.015401349543253728","41","41","41"
"210","","","","","","","","","","","","","0.0988235294117647","0.0988235294117647","0.0988235294117647","43","43","43","0.016171417020416416","0.016171417020416416","0.016171417020416416","43","43","43"
"220","","","","","","","","","","","","","0.10352941176470588","0.10352941176470588","0.10352941176470588","45","45","45","0.0169414844975791","0.0169414844975791","0.0169414844975791","45","45","45"
"230","","","","","","","","","","","","","0.10823529411764705","0.10823529411764705","0.10823529411764705","47","47","47","0.017711551974741786","0.017711551974741786","0.017711551974741786","47","47","47"
"240","","","","","","","","","","","","","0.11294117647058824","0.11294117647058824","0.11294117647058824","49","49","49","0.018481619451904473","0.018481619451904473","0.018481619451904473","49","49","49"
"250","","","","","","","","","","","","","0.11764705882352941","0.11764705882352941","0.11764705882352941","51","51","51","0.01925168692906716","0.01925168692906716","0.01925168692906716","51","51","51"
"260","","","","","","","","","","","","","0.1223529411764706","0.1223529411764706","0.1223529411764706","53","53","53","0.020021754406229848","0.020021754406229848","0.020021754406229848","53","53","53"
"270","","","","","","","","","","","","","0.12705882352941175","0.12705882352941175","0.12705882352941175","55","55","55","","","","","",""
"280","","","","","","","","","","","","","0.13176470588235295","0.13176470588235295","0.13176470588235295","57","57","57","","","","","",""
"290","","","","","","","","","","","","","0.13647058823529412","0.13647058823529412","0.13647058823529412","59","59","59","","","","","",""
"300","","","","","","","","","","","","","0.1411764705882353","0.1411764705882353","0.1411764705882353","61","61","61","","","","","",""
"310","","","","","","","","","","","","","0.14588235294117646","0.14588235294117646","0.14588235294117646","63","63","63","","","","","",""
"320","","","","","","","","","","","","","0.15058823529411763","0.15058823529411763","0.15058823529411763","65","65","65","","","","","",""
"330","","","","","","","","","","","","","0.15529411764705883","0.15529411764705883","0.15529411764705883","67","67","67","","","","","",""
"340","","","","","","","","","","","","","0.16","0.16","0.16","69","69","69","","","","","",""
"350","","","","","","","","","","","","","0.16470588235294117","0.16470588235294117","0.16470588235294117","71","71","71","","","","","",""
"360","","","","","","","","","","","","","0.16941176470588235","0.16941176470588235","0.16941176470588235","73","73","73","","","","","",""
"370","","","","","","","","","","","","","0.17411764705882352","0.17411764705882352","0.17411764705882352","75","75","75","","","","","",""
"380","","","","","","","","","","","","","0.17882352941176471","0.17882352941176471","0.17882352941176471","77","77","77","","","","","",""
"390","","","","","","","","","","","","","0.18352941176470589","0.18352941176470589","0.18352941176470589","79","79","79","","","","","",""
"400","","","","","","","","","","","","","0.18823529411764706","0.18823529411764706","0.18823529411764706","81","81","81","","","","","",""
"410","","","","","","","","","","","","","0.19294117647058823","0.19294117647058823","0.19294117647058823","83","83","83","","","","","",""
"420","","","","","","","","","","","","","0.1976470588235294","0.1976470588235294","0.1976470588235294","85","85","85","","","","","",""
"430","","","","","","","","","","","","","0.2023529411764706","0.2023529411764706","0.2023529411764706","87","87","87","","","","","",""
"440","","","","","","","","","","","","","0.20705882352941177","0.20705882352941177","0.20705882352941177","89","89","89","","","","","",""
"450","","","","","","","","","","","","","0.21176470588235294","0.21176470588235294","0.21176470588235294","91","91","91","","","","","",""
"460","","","","","","","","","","","","","0.2164705882352941","0.2164705882352941","0.2164705882352941","93","93","93","","","","","",""
"470","","","","","","","","","","","","","0.2211764705882353","0.2211764705882353","0.2211764705882353","95","95","95","","","","","",""
"480","","","","","","","","","","","","","0.22588235294117648","0.22588235294117648","0.22588235294117648","97","97","97","","","","","",""
"490","","","","","","","","","","","","","0.23058823529411765","0.23058823529411765","0.23058823529411765","99","99","99","","","","","",""
"500","","","","","","","","","","","","","0.23529411764705882","0.23529411764705882","0.23529411764705882","101.5","101","102","","","","","",""
"510","","","","","","","","","","","","","0.24","0.24","0.24","104","104","104","","","","","",""
"520","","","","","","","","","","","","","0.2447058823529412","0.2447058823529412","0.2447058823529412","106","106","106","","","","","",""
"530","","","","","","","","","","","","","0.24941176470588236","0.24941176470588236","0.24941176470588236","108","108","108","","","","","",""
"540","","","","","","","","","","","","","0.2541176470588235","0.2541176470588235","0.2541176470588235","110","110","110","","","","","",""
"550","","","","","","","","","","","","","0.25882352941176473","0.25882352941176473","0.25882352941176473","112","112","112","","","","","",""
"560","","","","","","","","","","","","","0.2635294117647059","0.2635294117647059","0.2635294117647059","114","114","114","","","","","",""
"570","","","","","","","","","","","","","0.26823529411764707","0.26823529411764707","0.26823529411764707","116","116","116","","","","","",""
"580","","","","","","","","","","","","","0.27294117647058824","0.27294117647058824","0.27294117647058824","118","118","118","","","","","",""
"590","","","","","","","","","","","","","0.2776470588235294","0.2776470588235294","0.2776470588235294","120","120","120","","","","","",""
"600","","","","","","","","","","","","","0.2823529411764706","0.2823529411764706","0.2823529411764706","122","122","122","","","","","",""
"610","","","","","","","","","","","","","0.28705882352941176","0.28705882352941176","0.28705882352941176","124","124","124","","","","","",""
"620","","","","","","","","","","","","","0.2917647058823529","0.2917647058823529","0.2917647058823529","126","126","126","","","","","",""
"630","","","","","","","","","","","","","0.2964705882352941","0.2964705882352941","0.2964705882352941","128","128","128","","","","","",""
"640","","","","","","","","","","","","","0.30117647058823527","0.30117647058823527","0.30117647058823527","130","130","130","","","","","",""
"650","","","","","","","","","","","","","0.3058823529411765","0.3058823529411765","0.3058823529411765","132","132","132","","","","","",""
"660","","","","","","","","","","","","","0.31058823529411766","0.31058823529411766","0.31058823529411766","134","134","134","","","","","",""
"670","","","","","","","","","","","","","0.31529411764705884","0.31529411764705884","0.31529411764705884","136","136","136","","","","","",""
"680","","","","","","","","","","","","","0.32","0.32","0.32","138","138","138","","","","","",""
"690","","","","","","","","","","","","","0.3247058823529412","0.3247058823529412","0.3247058823529412","140","140","140","","","","","",""
"700","","","","","","","","","","","","","0.32941176470588235","0.32941176470588235","0.32941176470588235","142","142","142","","","","","",""
"710","","","","","","","","","","","","","0.3341176470588235","0.3341176470588235","0.3341176470588235","144","144","144","","","","","",""
"720","","","","","","","","","","","","","0.3388235294117647","0.3388235294117647","0.3388235294117647","146","146","146","","","","","",""
"730","","","","","","","","","","","","","0.34352941176470586","0.34352941176470586","0.34352941176470586","148","148","148","","","","","",""
"740","","","","","","","","","","","","","0.34823529411764703","0.34823529411764703","0.34823529411764703","150","150","150","","","","","",""
"750","","","","","","","","","","","","","0.35294117647058826","0.35294117647058826","0.35294117647058826","152","152","152","","","","","",""
"760","","","","","","","","","","","","","0.35764705882352943","0.35764705882352943","0.35764705882352943","154","154","154","","","","","",""
"770","","","","","","","","","","","","","0.3623529411764706","0.3623529411764706","0.3623529411764706","156","156","156","","","","","",""
"780","","","","","","","","","","","","","0.36705882352941177","0.36705882352941177","0.36705882352941177","158","158","158","","","","","",""
"790","","","","","","","","","","","","","0.37176470588235294","0.37176470588235294","0.37176470588235294","160","160","160","","","","","",""
"800","","","","","","","","","","","","","0.3764705882352941","0.3764705882352941","0.3764705882352941","162","162","162","","","","","",""
"810","","","","","","","","","","","","","0.3811764705882353","0.3811764705882353","0.3811764705882353","164","164","164","","","","","",""
"820","","","","","","","","","","","","","0.38588235294117645","0.38588235294117645","0.38588235294117645","166","166","166","","","","","",""
"830","","","","","","","","","","","","","0.3905882352941176","0.3905882352941176","0.3905882352941176","168","168","168","","","","","",""
"840","","","","","","","","","","","","","0.3952941176470588","0.3952941176470588","0.3952941176470588","170","170","170","","","","","",""
"850","","","","","","","","","","","","","0.4","0.4","0.4","172","172","172","","","","","",""
"860","","","","","","","","","","","","","0.4047058823529412","0.4047058823529412","0.4047058823529412","174","174","174","","","","","",""
"870","","","","","","","","","","","","","0.40941176470588236","0.40941176470588236","0.40941176470588236","176","176","176","","","","","",""
"880","","","","","","","","","","","","","0.41411764705882353","0.41411764705882353","0.41411764705882353","178","178","178","","","","","",""
"890","","","","","","","","","","","","","0.4188235294117647","0.4188235294117647","0.4188235294117647","180","180","180","","","","","",""
"900","","","","","","","","","","","","","0.4235294117647059","0.4235294117647059","0.4235294117647059","182","182","182","","","","","",""
"910","","","","","","","","","","","","","0.42823529411764705","0.42823529411764705","0.42823529411764705","184","184","184","","","","","",""
"920","","","","","","","","","","","","","0.4329411764705882","0.4329411764705882","0.4329411764705882","186","186","186","","","","","",""
"930","","","","","","","","","","","","","0.4376470588235294","0.4376470588235294","0.4376470588235294","188","188","188","","","","","",""
"940","","","","","","","","","","","","","0.4423529411764706","0.4423529411764706","0.4423529411764706","190","190","190","","","","","",""
"950","","","","","","","","","","","","","0.4470588235294118","0.4470588235294118","0.4470588235294118","192","192","192","","","","","",""
"960","","","","","","","","","","","","","0.45176470588235296","0.45176470588235296","0.45176470588235296","194","194","194","","","","","",""
"970","","","","","","","","","","","","","0.45647058823529413","0.45647058823529413","0.45647058823529413","196","196","196","","","","","",""
"980","","","","","","","","","","","","","0.4611764705882353","0.4611764705882353","0.4611764705882353","198","198","198","","","","","",""
"990","","","","","","","","","","","","","0.46588235294117647","0.46588235294117647","0.46588235294117647","200","200","200","","","","","",""
"1000","","","","","","","","","","","","","0.47058823529411764","0.47058823529411764","0.47058823529411764","202.5","202","203","","","","","",""
"1010","","","","","","","","","","","","","0.4752941176470588","0.4752941176470588","0.4752941176470588","205","205","205","","","","","",""
"1020","","","","","","","","","","","","","0.48","0.48","0.48","207","207","207","","","","","",""
"1030","","","","","","","","","","","","","0.48470588235294115","0.48470588235294115","0.48470588235294115","209","209","209","","","","","",""
"1040","","","","","","","","","","","","","0.4894117647058824","0.4894117647058824","0.4894117647058824","211","211","211","","","","","",""
"1050","","","","","","","","","","","","","0.49411764705882355","0.49411764705882355","0.49411764705882355","213","213","213","","","","","",""
"1060","","","","","","","","","","","","","0.4988235294117647","0.4988235294117647","0.4988235294117647","215","215","215","","","","","",""
"1070","","","","","","","","","","","","","0.5035294117647059","0.5035294117647059","0.5035294117647059","217","217","217","","","","","",""
"1080","","","","","","","","","","","","","0.508235294117647","0.508235294117647","0.508235294117647","219","219","219","","","","","",""
"1090","","","","","","","","","","","","","0.5129411764705882","0.5129411764705882","0.5129411764705882","221","221","221","","","","","",""
"1100","","","","","","","","","","","","","0.5176470588235295","0.5176470588235295","0.5176470588235295","223","223","223","","","","","",""
"1110","","","","","","","","","","","","","0.5223529411764706","0.5223529411764706","0.5223529411764706","225","225","225","","","","","",""
"1120","","","","","","","","","","","","","0.5270588235294118","0.5270588235294118","0.5270588235294118","227","227","227","","","","","",""
"1130","","","","","","","","","","","","","0.5317647058823529","0.5317647058823529","0.5317647058823529","229","229","229","","","","","",""
"1140","","","","","","","","","","","","","0.5364705882352941","0.5364705882352941","0.5364705882352941","231","231","231","","","","","",""
"1150","","","","","","","","","","","","","0.5411764705882353","0.5411764705882353","0.5411764705882353","233","233","233","","","","","",""
"1160","","","","","","","","","","","","","0.5458823529411765","0.5458823529411765","0.5458823529411765","235","235","235","","","","","",""
"1170","","","","","","","","","","","","","0.5505882352941176","0.5505882352941176","0.5505882352941176","237","237","237","","","","","",""
"1180","","","","","","","","","","","","","0.5552941176470588","0.5552941176470588","0.5552941176470588","239","239","239","","","","","",""
"1190","","","","","","","","","","","","","0.56","0.56","0.56","241","241","241","","","","","",""
"1200","","","","","","","","","","","","","0.5647058823529412","0.5647058823529412","0.5647058823529412","243","243","243","","","","","",""
"1210","","","","","","","","","","","","","0.5694117647058824","0.5694117647058824","0.5694117647058824","245","245","245","","","","","",""
"1220","","","","","","","","","","","","","0.5741176470588235","0.5741176470588235","0.5741176470588235","247","247","247","","","","","",""
"1230","","","","","","","","","","","","","0.5788235294117647","0.5788235294117647","0.5788235294117647","249","249","249","","","","","",""
"1240","","","","","","","","","","","","","0.5835294117647059","0.5835294117647059","0.5835294117647059","251","251","251","","","","","",""
"1250","","","","","","","","","","","","","0.5882352941176471","0.5882352941176471","0.5882352941176471","253","253","253","","","","","",""
"1260","","","","","","","","","","","","","0.5929411764705882","0.5929411764705882","0.5929411764705882","255","255","255","","","","","",""
"1270","","","","","","","","","","","","","0.5976470588235294","0.5976470588235294","0.5976470588235294","257","257","257","","","","","",""
"1280","","","","","","","","","","","","","0.6023529411764705","0.6023529411764705","0.6023529411764705","259","259","259","","","","","",""
"1290","","","","","","","","","","","","","0.6070588235294118","0.6070588235294118","0.6070588235294118","261","261","261","","","","","",""
"1300","","","","","","","","","","","","","0.611764705882353","0.611764705882353","0.611764705882353","263","263","263","","","","","",""
"1310","","","","","","","","","","","","","0.6164705882352941","0.6164705882352941","0.6164705882352941","265","265","265","","","","","",""
"1320","","","","","","","","","","","","","0.6211764705882353","0.6211764705882353","0.6211764705882353","267","267","267","","","","","",""
"1330","","","","","","","","","","","","","0.6258823529411764","0.6258823529411764","0.6258823529411764","269","269","269","","","","","",""
"1340","","","","","","","","","","","","","0.6305882352941177","0.6305882352941177","0.6305882352941177","271","271","271","","","","","",""
"1350","","","","","","","","","","","","","0.6352941176470588","0.6352941176470588","0.6352941176470588","273","273","273","","","","","",""
"1360","","","","","","","","","","","","","0.64","0.64","0.64","275","275","275","","","","","",""
"1370","","","","","","","","","","","","","0.6447058823529411","0.6447058823529411","0.6447058823529411","277","277","277","","","","","",""
"1380","","","","","","","","","","","","","0.6494117647058824","0.6494117647058824","0.6494117647058824","279","279","279","","","","","",""
"1390","","","","","","","","","","","","","0.6541176470588236","0.6541176470588236","0.6541176470588236","281","281","281","","","","","",""
"1400","","","","","","","","","","","","","0.6588235294117647","0.6588235294117647","0.6588235294117647","283","283","283","","","","","",""
"1410","","","","","","","","","","","","","0.6635294117647059","0.6635294117647059","0.6635294117647059","285","285","285","","","","","",""
"1420","","","","","","","","","","","","","0.668235294117647","0.668235294117647","0.668235294117647","287","287","287","","","","","",""
"1430","","","","","","","","","","","","","0.6729411764705883","0.6729411764705883","0.6729411764705883","289","289","289","","","","","",""
"1440","","","","","","","","","","","","","0.6776470588235294","0.6776470588235294","0.6776470588235294","291","291","291","","","","","",""
"1450","","","","","","","","","","","","","0.6823529411764706","0.6823529411764706","0.6823529411764706","293","293","293","","","","","",""
"1460","","","","","","","","","","","","","0.6870588235294117","0.6870588235294117","0.6870588235294117","295","295","295","","","","","",""
"1470","","","","","","","","","","","","","0.691764705882353","0.691764705882353","0.691764705882353","297","297","297","","","","","",""
"1480","","","","","","","","","","","","","0.6964705882352941","0.6964705882352941","0.6964705882352941","299","299","299","","","","","",""
"1490","","","","","","","","","","","","","0.7011764705882353","0.7011764705882353","0.7011764705882353","301","301","301","","","","","",""
"1500","","","","","","","","","","","","","0.7058823529411765","0.7058823529411765","0.7058823529411765","303.5","303","304","","","","","",""
"1510","","","","","","","","","","","","","0.7105882352941176","0.7105882352941176","0.7105882352941176","306","306","306","","","","","",""
"1520","","","","","","","","","","","","","0.7152941176470589","0.7152941176470589","0.7152941176470589","308","308","308","","","","","",""
"1530","","","","","","","","","","","","","0.72","0.72","0.72","310","310","310","","","","","",""
"1540","","","","","","","","","","","","","0.7247058823529412","0.7247058823529412","0.7247058823529412","312","312","312","","","","","",""
"1550","","","","","","","","","","","","","0.7294117647058823","0.7294117647058823","0.7294117647058823","314","314","314","","","","","",""
"1560","","","","","","","","","","","","","0.7341176470588235","0.7341176470588235","0.7341176470588235","316","316","316","","","","","",""
"1570","","","","","","","","","","","","","0.7388235294117647","0.7388235294117647","0.7388235294117647","318","318","318","","","","","",""
"1580","","","","","","","","","","","","","0.7435294117647059","0.7435294117647059","0.7435294117647059","320","320","320","","","","","",""
"1590","","","","","","","","","","","","","0.7482352941176471","0.7482352941176471","0.7482352941176471","322","322","322","","","","","",""
"1600","","","","","","","","","","","","","0.7529411764705882","0.7529411764705882","0.7529411764705882","324","324","324","","","","","",""
"1610","","","","","","","","","","","","","0.7576470588235295","0.7576470588235295","0.7576470588235295","326","326","326","","","","","",""
"1620","","","","","","","","","","","","","0.7623529411764706","0.7623529411764706","0.7623529411764706","328","328","328","","","","","",""
"1630","","","","","","","","","","","","","0.7670588235294118","0.7670588235294118","0.7670588235294118","330","330","330","","","","","",""
"1640","","","","","","","","","","","","","0.7717647058823529","0.7717647058823529","0.7717647058823529","332","332","332","","","","","",""
"1650","","","","","","","","","","","","","0.7764705882352941","0.7764705882352941","0.7764705882352941","334","334","334","","","","","",""
"1660","","","","","","","","","","","","","0.7811764705882352","0.7811764705882352","0.7811764705882352","336","336","336","","","","","",""
"1670","","","","","","","","","","","","","0.7858823529411765","0.7858823529411765","0.7858823529411765","338","338","338","","","","","",""
"1680","","","","","","","","","","","","","0.7905882352941176","0.7905882352941176","0.7905882352941176","340","340","340","","","","","",""
"1690","","","","","","","","","","","","","0.7952941176470588","0.7952941176470588","0.7952941176470588","342","342","342","","","","","",""
"1700","","","","","","","","","","","","","0.8","0.8","0.8","344","344","344","","","","","",""
"1710","","","","","","","","","","","","","0.8047058823529412","0.8047058823529412","0.8047058823529412","346","346","346","","","","","",""
"1720","","","","","","","","","","","","","0.8094117647058824","0.8094117647058824","0.8094117647058824","348","348","348","","","","","",""
"1730","","","","","","","","","","","","","0.8141176470588235","0.8141176470588235","0.8141176470588235","350","350","350","","","","","",""
"1740","","","","","","","","","","","","","0.8188235294117647","0.8188235294117647","0.8188235294117647","352","352","352","","","","","",""
"1750","","","","","","","","","","","","","0.8235294117647058","0.8235294117647058","0.8235294117647058","354","354","354","","","","","",""
"1760","","","","","","","","","","","","","0.8282352941176471","0.8282352941176471","0.8282352941176471","356","356","356","","","","","",""
"1770","","","","","","","","","","","","","0.8329411764705882","0.8329411764705882","0.8329411764705882","358","358","358","","","","","",""
"1780","","","","","","","","","","","","","0.8376470588235294","0.8376470588235294","0.8376470588235294","360","360","360","","","","","",""
"1790","","","","","","","","","","","","","0.8423529411764706","0.8423529411764706","0.8423529411764706","362","362","362","","","","","",""
"1800","","","","","","","","","","","","","0.8470588235294118","0.8470588235294118","0.8470588235294118","364","364","364","","","","","",""
"1810","","","","","","","","","","","","","0.851764705882353","0.851764705882353","0.851764705882353","366","366","366","","","","","",""
"1820","","","","","","","","","","","","","0.8564705882352941","0.8564705882352941","0.8564705882352941","368","368","368","","","","","",""
"1830","","","","","","","","","","","","","0.8611764705882353","0.8611764705882353","0.8611764705882353","370","370","370","","","","","",""
"1840","","","","","","","","","","","","","0.8658823529411764","0.8658823529411764","0.8658823529411764","372","372","372","","","","","",""
"1850","","","","","","","","","","","","","0.8705882352941177","0.8705882352941177","0.8705882352941177","374","374","374","","","","","",""
"1860","","","","","","","","","","","","","0.8752941176470588","0.8752941176470588","0.8752941176470588","376","376","376","","","","","",""
"1870","","","","","","","","","","","","","0.88","0.88","0.88","378","378","378","","","","","",""
"1880","","","","","","","","","","","","","0.8847058823529412","0.8847058823529412","0.8847058823529412","380","380","380","","","","","",""
"1890","","","","","","","","","","","","","0.8894117647058823","0.8894117647058823","0.8894117647058823","382","382","382","","","","","",""
"1900","","","","","","","","","","","","","0.8941176470588236","0.8941176470588236","0.8941176470588236","384","384","384","","","","","",""
"1910","","","","","","","","","","","","","0.8988235294117647","0.8988235294117647","0.8988235294117647","386","386","386","","","","","",""
"1920","","","","","","","","","","","","","0.9035294117647059","0.9035294117647059","0.9035294117647059","388","388","388","","","","","",""
"1930","","","","","","","","","","","","","0.908235294117647","0.908235294117647","0.908235294117647","390","390","390","","","","","",""
"1940","","","","","","","","","","","","","0.9129411764705883","0.9129411764705883","0.9129411764705883","392","392","392","","","","","",""
"1950","","","","","","","","","","","","","0.9176470588235294","0.9176470588235294","0.9176470588235294","394","394","394","","","","","",""
"1960","","","","","","","","","","","","","0.9223529411764706","0.9223529411764706","0.9223529411764706","396","396","396","","","","","",""
"1970","","","","","","","","","","","","","0.9270588235294117","0.9270588235294117","0.9270588235294117","398","398","398","","","","","",""
"1980","","","","","","","","","","","","","0.9317647058823529","0.9317647058823529","0.9317647058823529","400","400","400","","","","","",""
"1990","","","","","","","","","","","","","0.9364705882352942","0.9364705882352942","0.9364705882352942","402","402","402","","","","","",""
"2000","","","","","","","","","","","","","0.9411764705882353","0.9411764705882353","0.9411764705882353","404.5","404","405","","","","","",""
"2010","","","","","","","","","","","","","0.9458823529411765","0.9458823529411765","0.9458823529411765","407","407","407","","","","","",""
"2020","","","","","","","","","","","","","0.9505882352941176","0.9505882352941176","0.9505882352941176","409","409","409","","","","","",""
"2030","","","","","","","","","","","","","0.9552941176470588","0.9552941176470588","0.9552941176470588","411","411","411","","","","","",""
"2040","","","","","","","","","","","","","0.96","0.96","0.96","413","413","413","","","","","",""
"2050","","","","","","","","","","","","","0.9647058823529412","0.9647058823529412","0.9647058823529412","415","415","415","","","","","",""
"2060","","","","","","","","","","","","","0.9694117647058823","0.9694117647058823","0.9694117647058823","417","417","417","","","","","",""
"2070","","","","","","","","","","","","","0.9741176470588235","0.9741176470588235","0.9741176470588235","419","419","419","","","","","",""
"2080","","","","","","","","","","","","","0.9788235294117648","0.9788235294117648","0.9788235294117648","421","421","421","","","","","",""
"2090","","","","","","","","","","","","","0.9835294117647059","0.9835294117647059","0.9835294117647059","423","423","423","","","","","",""
"2100","","","","","","","","","","","","","0.9882352941176471","0.9882352941176471","0.9882352941176471","425","425","425","","","","","",""
"2110","","","","","","","","","","","","","0.9929411764705882","0.9929411764705882","0.9929411764705882","427","427","427","","","","","",""
"2120","","","","","","","","","","","","","0.9976470588235294","0.9976470588235294","0.9976470588235294","429","429","429","","","","","",""
"2130","","","","","","","","","","","","","1.0023529411764707","1.0023529411764707","1.0023529411764707","431","431","431","","","","","",""
"2140","","","","","","","","","","","","","1.0070588235294118","1.0070588235294118","1.0070588235294118","433","433","433","","","","","",""
"2150","","","","","","","","","","","","","1.011764705882353","1.011764705882353","1.011764705882353","435","435","435","","","","","",""
"2160","","","","","","","","","","","","","1.016470588235294","1.016470588235294","1.016470588235294","437","437","437","","","","","",""
"2170","","","","","","","","","","","","","1.0211764705882354","1.0211764705882354","1.0211764705882354","439","439","439","","","","","",""
"2180","","","","","","","","","","","","","1.0258823529411765","1.0258823529411765","1.0258823529411765","441","441","441","","","","","",""
"2190","","","","","","","","","","","","","1.0305882352941176","1.0305882352941176","1.0305882352941176","443","443","443","","","","","",""
"2200","","","","","","","","","","","","","1.035294117647059","1.035294117647059","1.035294117647059","445","445","445","","","","","",""
"2210","","","","","","","","","","","","","1.04","1.04","1.04","447","447","447","","","","","",""
"2220","","","","","","","","","","","","","1.0447058823529412","1.0447058823529412","1.0447058823529412","449","449","449","","","","","",""
"2230","","","","","","","","","","","","","1.0494117647058823","1.0494117647058823","1.0494117647058823","451","451","451","","","","","",""
"2240","","","","","","","","","","","","","1.0541176470588236","1.0541176470588236","1.0541176470588236","453","453","453","","","","","",""
"2250","","","","","","","","","","","","","1.0588235294117647","1.0588235294117647","1.0588235294117647","455","455","455","","","","","",""
"2260","","","","","","","","","","","","","1.0635294117647058","1.0635294117647058","1.0635294117647058","457","457","457","","","","","",""
"2270","","","","","","","","","","","","","1.0682352941176472","1.0682352941176472","1.0682352941176472","459","459","459","","","","","",""
"2280","","","","","","","","","","","","","1.0729411764705883","1.0729411764705883","1.0729411764705883","461","461","461","","","","","",""
"2290","","","","","","","","","","","","","1.0776470588235294","1.0776470588235294","1.0776470588235294","463","463","463","","","","","",""
"2300","","","","","","","","","","","","","1.0823529411764705","1.0823529411764705","1.0823529411764705","465","465","465","","","","","",""
"2310","","","","","","","","","","","","","1.0870588235294119","1.0870588235294119","1.0870588235294119","467","467","467","","","","","",""
"2320","","","","","","","","","","","","","1.091764705882353","1.091764705882353","1.091764705882353","469","469","469","","","","","",""
"2330","","","","","","","","","","","","","1.096470588235294","1.096470588235294","1.096470588235294","471","471","471","","","","","",""
"2340","","","","","","","","","","","","","1.1011764705882352","1.1011764705882352","1.1011764705882352","473","473","473","","","","","",""
"2350","","","","","","","","","","","","","1.1058823529411765","1.1058823529411765","1.1058823529411765","475","475","475","","","","","",""
"2360","","","","","","","","","","","","","1.1105882352941177","1.1105882352941177","1.1105882352941177","477","477","477","","","","","",""
"2370","","","","","","","","","","","","","1.1152941176470588","1.1152941176470588","1.1152941176470588","479","479","479","","","","","",""
"2380","","","","","","","","","","","","","1.12","1.12","1.12","481","481","481","","","","","",""
"2390","","","","","","","","","","","","","1.1247058823529412","1.1247058823529412","1.1247058823529412","483","483","483","","","","","",""
"2400","","","","","","","","","","","","","1.1294117647058823","1.1294117647058823","1.1294117647058823","485","485","485","","","","","",""
"2410","","","","","","","","","","","","","1.1341176470588235","1.1341176470588235","1.1341176470588235","487","487","487","","","","","",""
"2420","","","","","","","","","","","","","1.1388235294117648","1.1388235294117648","1.1388235294117648","489","489","489","","","","","",""
"2430","","","","","","","","","","","","","1.143529411764706","1.143529411764706","1.143529411764706","491","491","491","","","","","",""
"2440","","","","","","","","","","","","","1.148235294117647","1.148235294117647","1.148235294117647","493","493","493","","","","","",""
"2450","","","","","","","","","","","","","1.1529411764705881","1.1529411764705881","1.1529411764705881","495","495","495","","","","","",""
"2460","","","","","","","","","","","","","1.1576470588235295","1.1576470588235295","1.1576470588235295","497","497","497","","","","","",""
"2470","","","","","","","","","","","","","1.1623529411764706","1.1623529411764706","1.1623529411764706","499","499","499","","","","","",""
"2480","","","","","","","","","","","","","1.1670588235294117","1.1670588235294117","1.1670588235294117","501","501","501","","","","","",""
"2490","","","","","","","","","","","","","1.171764705882353","1.171764705882353","1.171764705882353","503","503","503","","","","","",""
"2500","","","","","","","","","","","","","1.1764705882352942","1.1764705882352942","1.1764705882352942","505.5","505","506","","","","","",""
"2510","","","","","","","","","","","","","1.1811764705882353","1.1811764705882353","1.1811764705882353","508","508","508","","","","","",""
"2520","","","","","","","","","","","","","1.1858823529411764","1.1858823529411764","1.1858823529411764","510","510","510","","","","","",""
"2530","","","","","","","","","","","","","1.1905882352941177","1.1905882352941177","1.1905882352941177","512","512","512","","","","","",""
"2540","","","","","","","","","","","","","1.1952941176470588","1.1952941176470588","1.1952941176470588","514","514","514","","","","","",""
"2550","","","","","","","","","","","","","1.2","1.2","1.2","516","516","516","","","","","",""
"2560","","","","","","","","","","","","","1.204705882352941","1.204705882352941","1.204705882352941","518","518","518","","","","","",""
"2570","","","","","","","","","","","","","1.2094117647058824","1.2094117647058824","1.2094117647058824","520","520","520","","","","","",""
"2580","","","","","","","","","","","","","1.2141176470588235","1.2141176470588235","1.2141176470588235","522","522","522","","","","","",""
"2590","","","","","","","","","","","","","1.2188235294117646","1.2188235294117646","1.2188235294117646","524","524","524","","","","","",""
"2600","","","","","","","","","","","","","1.223529411764706","1.223529411764706","1.223529411764706","526","526","526","","","","","",""
"2610","","","","","","","","","","","","","1.228235294117647","1.228235294117647","1.228235294117647","528","528","528","","","","","",""
"2620","","","","","","","","","","","","","1.2329411764705882","1.2329411764705882","1.2329411764705882","530","530","530","","","","","",""
"2630","","","","","","","","","","","","","1.2376470588235293","1.2376470588235293","1.2376470588235293","532","532","532","","","","","",""
"2640","","","","","","","","","","","","","1.2423529411764707","1.2423529411764707","1.2423529411764707","534","534","534","","","","","",""
"2650","","","","","","","","","","","","","1.2470588235294118","1.2470588235294118","1.2470588235294118","536","536","536","","","","","",""
"2660","","","","","","","","","","","","","1.251764705882353","1.251764705882353","1.251764705882353","538","538","538","","","","","",""
"2670","","","","","","","","","","","","","1.256470588235294","1.256470588235294","1.256470588235294","540","540","540","","","","","",""
"2680","","","","","","","","","","","","","1.2611764705882353","1.2611764705882353","1.2611764705882353","542","542","542","","","","","",""
"2690","","","","","","","","","","","","","1.2658823529411765","1.2658823529411765","1.2658823529411765","544","544","544","","","","","",""
"2700","","","","","","","","","","","","","1.2705882352941176","1.2705882352941176","1.2705882352941176","546","546","546","","","","","",""
"2710","","","","","","","","","","","","","1.275294117647059","1.275294117647059","1.275294117647059","548","548","548","","","","","",""
"2720","","","","","","","","","","","","","1.28","1.28","1.28","550","550","550","","","","","",""
"2730","","","","","","","","","","","","","1.2847058823529411","1.2847058823529411","1.2847058823529411","552","552","552","","","","","",""
"2740","","","","","","","","","","","","","1.2894117647058825","1.2894117647058825","1.2894117647058825","554","554","554","","","","","",""
"2750","","","","","","","","","","","","","1.2941176470588236","1.2941176470588236","1.2941176470588236","556","556","556","","","","","",""
"2760","","","","","","","","","","","","","1.2988235294117647","1.2988235294117647","1.2988235294117647","558","558","558","","","","","",""
"2770","","","","","","","","","","","","","1.3035294117647058","1.3035294117647058","1.3035294117647058","560","560","560","","","","","",""
"2780","","","","","","","","","","","","","1.308235294117647","1.308235294117647","1.308235294117647","562","562","562","","","","","",""
"2790","","","","","","","","","","","","","1.3129411764705883","1.3129411764705883","1.3129411764705883","564","564","564","","","","","",""
"2800","","","","","","","","","","","","","1.3176470588235294","1.3176470588235294","1.3176470588235294","566","566","566","","","","","",""
"2810","","","","","","","","","","","","","1.3223529411764705","1.3223529411764705","1.3223529411764705","568","568","568","","","","","",""
"2820","","","","","","","","","","","","","1.3270588235294118","1.3270588235294118","1.3270588235294118","570","570","570","","","","","",""
"2830","","","","","","","","","","","","","1.331764705882353","1.331764705882353","1.331764705882353","572","572","572","","","","","",""
"2840","","","","","","","","","","","","","1.336470588235294","1.336470588235294","1.336470588235294","574","574","574","","","","","",""
"2850","","","","","","","","","","","","","1.3411764705882354","1.3411764705882354","1.3411764705882354","576","576","576","","","","","",""
"2860","","","","","","","","","","","","","1.3458823529411765","1.3458823529411765","1.3458823529411765","578","578","578","","","","","",""
"2870","","","","","","","","","","","","","1.3505882352941176","1.3505882352941176","1.3505882352941176","580","580","580","","","","","",""
"2880","","","","","","","","","","","","","1.3552941176470588","1.3552941176470588","1.3552941176470588","582","582","582","","","","","",""
"2890","","","","","","","","","","","","","1.3599999999999999","1.3599999999999999","1.3599999999999999","584","584","584","","","","","",""
"2900","","","","","","","","","","","","","1.3647058823529412","1.3647058823529412","1.3647058823529412","586","586","586","","","","","",""
"2910","","","","","","","","","","","","","1.3694117647058823","1.3694117647058823","1.3694117647058823","588","588","588","","","","","",""
"2920","","","","","","","","","","","","","1.3741176470588234","1.3741176470588234","1.3741176470588234","590","590","590","","","","","",""
"2930","","","","","","","","","","","","","1.3788235294117648","1.3788235294117648","1.3788235294117648","592","592","592","","","","","",""
"2940","","","","","","","","","","","","","1.383529411764706","1.383529411764706","1.383529411764706","594","594","594","","","","","",""
"2950","","","","","","","","","","","","","1.388235294117647","1.388235294117647","1.388235294117647","596","596","596","","","","","",""
"2960","","","","","","","","","","","","","1.3929411764705883","1.3929411764705883","1.3929411764705883","598","598","598","","","","","",""
"2970","","","","","","","","","","","","","1.3976470588235295","1.3976470588235295","1.3976470588235295","600","600","600","","","","","",""
"2980","","","","","","","","","","","","","1.4023529411764706","1.4023529411764706","1.4023529411764706","602","602","602","","","","","",""
"2990","","","","","","","","","","","","","1.4070588235294117","1.4070588235294117","1.4070588235294117","604","604","604","","","","","",""
"3000","","","","","","","","","","","","","1.4117647058823528","1.4117647058823528","1.4117647058823528","606.5","606","607","","","","","",""
"3010","","","","","","","","","","","","","1.4164705882352941","1.4164705882352941","1.4164705882352941","609","609","609","","","","","",""
"3020","","","","","","","","","","","","","1.4211764705882353","1.4211764705882353","1.4211764705882353","611","611","611","","","","","",""
"3030","","","","","","","","","","","","","1.4258823529411764","1.4258823529411764","1.4258823529411764","613","613","613","","","","","",""
"3040","","","","","","","","","","","","","1.4305882352941177","1.4305882352941177","1.4305882352941177","615","615","615","","","","","",""
"3050","","","","","","","","","","","","","1.4352941176470588","1.4352941176470588","1.4352941176470588","617","617","617","","","","","",""
"3060","","","","","","","","","","","","","1.44","1.44","1.44","619","619","619","","","","","",""
"3070","","","","","","","","","","","","","1.4447058823529413","1.4447058823529413","1.4447058823529413","621","621","621","","","","","",""
"3080","","","","","","","","","","","","","1.4494117647058824","1.4494117647058824","1.4494117647058824","623","623","623","","","","","",""
"3090","","","","","","","","","","","","","1.4541176470588235","1.4541176470588235","1.4541176470588235","625","625","625","","","","","",""
"3100","","","","","","","","","","","","","1.4588235294117646","1.4588235294117646","1.4588235294117646","627","627","627","","","","","",""
"3110","","","","","","","","","","","","","1.4635294117647057","1.4635294117647057","1.4635294117647057","629","629","629","","","","","",""
"3120","","","","","","","","","","","","","1.468235294117647","1.468235294117647","1.468235294117647","631","631","631","","","","","",""
"3130","","","","","","","","","","","","","1.4729411764705882","1.4729411764705882","1.4729411764705882","633","633","633","","","","","",""
"3140","","","","","","","","","","","","","1.4776470588235293","1.4776470588235293","1.4776470588235293","635","635","635","","","","","",""
"3150","","","","","","","","","","","","","1.4823529411764707","1.4823529411764707","1.4823529411764707","637","637","637","","","","","",""
"3160","","","","","","","","","","","","","1.4870588235294118","1.4870588235294118","1.4870588235294118","639","639","639","","","","","",""
"3170","","","","","","","","","","","","","1.4917647058823529","1.4917647058823529","1.4917647058823529","641","641","641","","","","","",""
"3180","","","","","","","","","","","","","1.4964705882352942","1.4964705882352942","1.4964705882352942","643","643","643","","","","","",""
"3190","","","","","","","","","","","","","1.5011764705882353","1.5011764705882353","1.5011764705882353","645","645","645","","","","","",""
"3200","","","","","","","","","","","","","1.5058823529411764","1.5058823529411764","1.5058823529411764","647","647","647","","","","","",""
"3210","","","","","","","","","","","","","1.5105882352941178","1.5105882352941178","1.5105882352941178","649","649","649","","","","","",""
"3220","","","","","","","","","","","","","1.5152941176470587","1.5152941176470587","1.5152941176470587","651","651","651","","","","","",""
"3230","","","","","","","","","","","","","1.52","1.52","1.52","653","653","653","","","","","",""
"3240","","","","","","","","","","","","","1.5247058823529411","1.5247058823529411","1.5247058823529411","655","655","655","","","","","",""
"3250","","","","","","","","","","","","","1.5294117647058822","1.5294117647058822","1.5294117647058822","657","657","657","","","","","",""
"3260","","","","","","","","","","","","","1.5341176470588236","1.5341176470588236","1.5341176470588236","659","659","659","","","","","",""
"3270","","","","","","","","","","","","","1.5388235294117647","1.5388235294117647","1.5388235294117647","661","661","661","","","","","",""
"3280","","","","","","","","","","","","","1.5435294117647058","1.5435294117647058","1.5435294117647058","663","663","663","","","","","",""
"3290","","","","","","","","","","","","","1.5482352941176472","1.5482352941176472","1.5482352941176472","665","665","665","","","","","",""
"3300","","","","","","","","","","","","","1.5529411764705883","1.5529411764705883","1.5529411764705883","667","667","667","","","","","",""
"3310","","","","","","","","","","","","","1.5576470588235294","1.5576470588235294","1.5576470588235294","669","669","669","","","","","",""
"3320","","","","","","","","","","","","","1.5623529411764707","1.5623529411764707","1.5623529411764707","671","671","671","","","","","",""
"3330","","","","","","","","","","","","","1.5670588235294116","1.5670588235294116","1.5670588235294116","673","673","673","","","","","",""
"3340","","","","","","","","","","","","","1.571764705882353","1.571764705882353","1.571764705882353","675","675","675","","","","","",""
"3350","","","","","","","","","","","","","1.576470588235294","1.576470588235294","1.576470588235294","677","677","677","","","","","",""
"3360","","","","","","","","","","","","","1.5811764705882352","1.5811764705882352","1.5811764705882352","679","679","679","","","","","",""
"3370","","","","","","","","","","","","","1.5858823529411765","1.5858823529411765","1.5858823529411765","681","681","681","","","","","",""
"3380","","","","","","","","","","","","","1.5905882352941176","1.5905882352941176","1.5905882352941176","683","683","683","","","","","",""
"3390","","","","","","","","","","","","","1.5952941176470588","1.5952941176470588","1.5952941176470588","685","685","685","","","","","",""
"3400","","","","","","","","","","","","","1.6","1.6","1.6","687","687","687","","","","","",""
"3410","","","","","","","","","","","","","1.6047058823529412","1.6047058823529412","1.6047058823529412","689","689","689","","","","","",""
"3420","","","","","","","","","","","","","1.6094117647058823","1.6094117647058823","1.6094117647058823","691","691","691","","","","","",""
"3430","","","","","","","","","","","","","1.6141176470588237","1.6141176470588237","1.6141176470588237","693","693","693","","","","","",""
"3440","","","","","","","","","","","","","1.6188235294117646","1.6188235294117646","1.6188235294117646","695","695","695","","","","","",""
"3450","","","","","","","","","","","","","1.6235294117647059","1.6235294117647059","1.6235294117647059","697","697","697","","","","","",""
"3460","","","","","","","","","","","","","1.6282352941176472","1.6282352941176472","1.6282352941176472","699","699","699","","","","","",""
"3470","","","","","","","","","","","","","1.6329411764705881","1.6329411764705881","1.6329411764705881","701","701","701","","","","","",""
"3480","","","","","","","","","","","","","1.6376470588235295","1.6376470588235295","1.6376470588235295","703","703","703","","","","","",""
"3490","","","","","","","","","","","","","1.6423529411764706","1.6423529411764706","1.6423529411764706","705","705","705","","","","","",""
"3500","","","","","","","","","","","","","1.6470588235294117","1.6470588235294117","1.6470588235294117","707.5","707","708","","","","","",""
"3510","","","","","","","","","","","","","1.651764705882353","1.651764705882353","1.651764705882353","710","710","710","","","","","",""
"3520","","","","","","","","","","","","","1.6564705882352941","1.6564705882352941","1.6564705882352941","712","712","712","","","","","",""
"3530","","","","","","","","","","","","","1.6611764705882353","1.6611764705882353","1.6611764705882353","714","714","714","","","","","",""
"3540","","","","","","","","","","","","","1.6658823529411766","1.6658823529411766","1.6658823529411766","716","716","716","","","","","",""
"3550","","","","","","","","","","","","","1.6705882352941175","1.6705882352941175","1.6705882352941175","718","718","718","","","","","",""
"3560","","","","","","","","","","","","","1.6752941176470588","1.6752941176470588","1.6752941176470588","720","720","720","","","","","",""
"3570","","","","","","","","","","","","","1.6800000000000002","1.6800000000000002","1.6800000000000002","722","722","722","","","","","",""
"3580","","","","","","","","","","","","","1.684705882352941","1.684705882352941","1.684705882352941","724","724","724","","","","","",""
"3590","","","","","","","","","","","","","1.6894117647058824","1.6894117647058824","1.6894117647058824","726","726","726","","","","","",""
"3600","","","","","","","","","","","","","1.6941176470588235","1.6941176470588235","1.6941176470588235","728","728","728","","","","","",""
"3610","","","","","","","","","","","","","1.6988235294117646","1.6988235294117646","1.6988235294117646","730","730","730","","","","","",""
"3620","","","","","","","","","","","","","1.703529411764706","1.703529411764706","1.703529411764706","732","732","732","","","","","",""
"3630","","","","","","","","","","","","","1.708235294117647","1.708235294117647","1.708235294117647","734","734","734","","","","","",""
"3640","","","","","","","","","","","","","1.7129411764705882","1.7129411764705882","1.7129411764705882","736","736","736","","","","","",""
"3650","","","","","","","","","","","","","1.7176470588235295","1.7176470588235295","1.7176470588235295","738","738","738","","","","","",""
"3660","","","","","","","","","","","","","1.7223529411764706","1.7223529411764706","1.7223529411764706","740","740","740","","","","","",""
"3670","","","","","","","","","","","","","1.7270588235294118","1.7270588235294118","1.7270588235294118","742","742","742","","","","","",""
"3680","","","","","","","","","","","","","1.731764705882353","1.731764705882353","1.731764705882353","744","744","744","","","","","",""
"3690","","","","","","","","","","","","","1.736470588235294","1.736470588235294","1.736470588235294","746","746","746","","","","","",""
"3700","","","","","","","","","","","","","1.7411764705882353","1.7411764705882353","1.7411764705882353","748","748","748","","","","","",""
"3710","","","","","","","","","","","","","1.7458823529411764","1.7458823529411764","1.7458823529411764","750","750","750","","","","","",""
"3720","","","","","","","","","","","","","1.7505882352941176","1.7505882352941176","1.7505882352941176","752","752","752","","","","","",""
"3730","","","","","","","","","","","","","1.755294117647059","1.755294117647059","1.755294117647059","754","754","754","","","","","",""
"3740","","","","","","","","","","","","","1.76","1.76","1.76","756","756","756","","","","","",""
"3750","","","","","","","","","","","","","1.7647058823529411","1.7647058823529411","1.7647058823529411","758","758","758","","","","","",""
"3760","","","","","","","","","","","","","1.7694117647058825","1.7694117647058825","1.7694117647058825","760","760","760","","","","","",""
"3770","","","","","","","","","","","","","1.7741176470588236","1.7741176470588236","1.7741176470588236","762","762","762","","","","","",""
"3780","","","","","","","","","","","","","1.7788235294117647","1.7788235294117647","1.7788235294117647","764","764","764","","","","","",""
"3790","","","","","","","","","","","","","1.783529411764706","1.783529411764706","1.783529411764706","766","766","766","","","","","",""
"3800","","","","","","","","","","","","","1.788235294117647","1.788235294117647","1.788235294117647","768","768","768","","","","","",""
"3810","","","","","","","","","","","","","1.7929411764705883","1.7929411764705883","1.7929411764705883","770","770","770","","","","","",""
"3820","","","","","","","","","","","","","1.7976470588235294","1.7976470588235294","1.7976470588235294","772","772","772","","","","","",""
"3830","","","","","","","","","","","","","1.8023529411764705","1.8023529411764705","1.8023529411764705","774","774","774","","","","","",""
"3840","","","","","","","","","","","","","1.8070588235294118","1.8070588235294118","1.8070588235294118","776","776","776","","","","","",""
"3850","","","","","","","","","","","","","1.811764705882353","1.811764705882353","1.811764705882353","778","778","778","","","","","",""
"3860","","","","","","","","","","","","","1.816470588235294","1.816470588235294","1.816470588235294","780","780","780","","","","","",""
"3870","","","","","","","","","","","","","1.8211764705882354","1.8211764705882354","1.8211764705882354","782","782","782","","","","","",""
"3880","","","","","","","","","","","","","1.8258823529411765","1.8258823529411765","1.8258823529411765","784","784","784","","","","","",""
"3890","","","","","","","","","","","","","1.8305882352941176","1.8305882352941176","1.8305882352941176","786","786","786","","","","","",""
"3900","","","","","","","","","","","","","1.835294117647059","1.835294117647059","1.835294117647059","788","788","788","","","","","",""
"3910","","","","","","","","","","","","","1.8399999999999999","1.8399999999999999","1.8399999999999999","790","790","790","","","","","",""
"3920","","","","","","","","","","","","","1.8447058823529412","1.8447058823529412","1.8447058823529412","792","792","792","","","","","",""
"3930","","","","","","","","","","","","","1.8494117647058823","1.8494117647058823","1.8494117647058823","794","794","794","","","","","",""
"3940","","","","","","","","","","","","","1.8541176470588234","1.8541176470588234","1.8541176470588234","796","796","796","","","","","",""
"3950","","","","","","","","","","","","","1.8588235294117648","1.8588235294117648","1.8588235294117648","798","798","798","","","","","",""
"3960","","","","","","","","","","","","","1.8635294117647059","1.8635294117647059","1.8635294117647059","800","800","800","","","","","",""
"3970","","","","","","","","","","","","","1.868235294117647","1.868235294117647","1.868235294117647","802","802","802","","","","","",""
"3980","","","","","","","","","","","","","1.8729411764705883","1.8729411764705883","1.8729411764705883","804","804","804","","","","","",""
"3990","","","","","","","","","","","","","1.8776470588235294","1.8776470588235294","1.8776470588235294","806","806","806","","","","","",""
"4000","","","","","","","","","","","","","1.8823529411764706","1.8823529411764706","1.8823529411764706","808.5","808","809","","","","","",""
"4010","","","","","","","1.887058823529412","1.887058823529412","1.887058823529412","2","2","2","1.887058823529412","1.887058823529412","1.887058823529412","811","811","811","","","","","",""
"4020","","","","","","","1.8917647058823528","1.8917647058823528","1.8917647058823528","4","4","4","1.8917647058823528","1.8917647058823528","1.8917647058823528","813","813","813","","","","","",""
"4030","","","","","","","1.8964705882352941","1.8964705882352941","1.8964705882352941","6","6","6","1.8964705882352941","1.8964705882352941","1.8964705882352941","815","815","815","","","","","",""
"4040","","","","","","","1.9011764705882352","1.9011764705882352","1.9011764705882352","8","8","8","1.9011764705882352","1.9011764705882352","1.9011764705882352","817","817","817","","","","","",""
"4050","","","","","","","1.9058823529411764","1.9058823529411764","1.9058823529411764","10","10","10","1.9058823529411764","1.9058823529411764","1.9058823529411764","819","819","819","","","","","",""
"4060","","","","","","","1.9105882352941177","1.9105882352941177","1.9105882352941177","12","12","12","1.9105882352941177","1.9105882352941177","1.9105882352941177","821","821","821","","","","","",""
"4070","","","","","","","1.9152941176470588","1.9152941176470588","1.9152941176470588","14","14","14","1.9152941176470588","1.9152941176470588","1.9152941176470588","823","823","823","","","","","",""
"4080","","","","","","","1.92","1.92","1.92","16","16","16","1.92","1.92","1.92","825","825","825","","","","","",""
"4090","","","","","","","1.9247058823529413","1.9247058823529413","1.9247058823529413","18","18","18","1.9247058823529413","1.9247058823529413","1.9247058823529413","827","827","827","","","","","",""
"4100","","","","","","","1.9294117647058824","1.9294117647058824","1.9294117647058824","20","20","20","1.9294117647058824","1.9294117647058824","1.9294117647058824","829","829","829","","","","","",""
"4110","","","","","","","1.9341176470588235","1.9341176470588235","1.9341176470588235","22","22","22","1.9341176470588235","1.9341176470588235","1.9341176470588235","831","831","831","","","","","",""
"4120","","","","","","","1.9388235294117648","1.9388235294117648","1.9388235294117648","24","24","24","1.9388235294117648","1.9388235294117648","1.9388235294117648","833","833","833","","","","","",""
"4130","","","","","","","1.9435294117647057","1.9435294117647057","1.9435294117647057","26","26","26","1.9435294117647057","1.9435294117647057","1.9435294117647057","835","835","835","","","","","",""
"4140","","","","","","","1.948235294117647","1.948235294117647","1.948235294117647","28","28","28","1.948235294117647","1.948235294117647","1.948235294117647","837","837","837","","","","","",""
"4150","","","","","","","1.9529411764705882","1.9529411764705882","1.9529411764705882","30","30","30","1.9529411764705882","1.9529411764705882","1.9529411764705882","839","839","839","","","","","",""
"4160","","","","","","","1.9576470588235293","1.9576470588235293","1.9576470588235293","32","32","32","1.9576470588235293","1.9576470588235293","1.9576470588235293","841","841","841","","","","","",""
"4170","","","","","","","1.9623529411764706","1.9623529411764706","1.9623529411764706","34","34","34","1.9623529411764706","1.9623529411764706","1.9623529411764706","843","843","843","","","","","",""
"4180","","","","","","","1.9670588235294117","1.9670588235294117","1.9670588235294117","36","36","36","1.9670588235294117","1.9670588235294117","1.9670588235294117","845","845","845","","","","","",""
"4190","","","","","","","1.9717647058823529","1.9717647058823529","1.9717647058823529","38","38","38","1.9717647058823529","1.9717647058823529","1.9717647058823529","847","847","847","","","","","",""
"4200","","","","","","","1.9764705882352942","1.9764705882352942","1.9764705882352942","40","40","40","1.9764705882352942","1.9764705882352942","1.9764705882352942","849","849","849","","","","","",""
"4210","","","","","","","1.9811764705882353","1.9811764705882353","1.9811764705882353","42","42","42","1.9811764705882353","1.9811764705882353","1.9811764705882353","851","851","851","","","","","",""
"4220","","","","","","","1.9858823529411764","1.9858823529411764","1.9858823529411764","44","44","44","1.9858823529411764","1.9858823529411764","1.9858823529411764","853","853","853","","","","","",""
"4230","","","","","","","1.9905882352941178","1.9905882352941178","1.9905882352941178","46","46","46","1.9905882352941178","1.9905882352941178","1.9905882352941178","855","855","855","","","","","",""
"4240","","","","","","","1.9952941176470587","1.9952941176470587","1.9952941176470587","48","48","48","1.9952941176470587","1.9952941176470587","1.9952941176470587","857","857","857","","","","","",""
"4250","","","","","","","2","2","2","50","50","50","2","2","2","859","859","859","","","","","",""
"4260","","","","","","","2.0047058823529413","2.0047058823529413","2.0047058823529413","52","52","52","2.0047058823529413","2.0047058823529413","2.0047058823529413","861","861","861","","","","","",""
"4270","","","","","","","2.0094117647058822","2.0094117647058822","2.0094117647058822","54","54","54","2.0094117647058822","2.0094117647058822","2.0094117647058822","863","863","863","","","","","",""
"4280","","","","","","","2.0141176470588236","2.0141176470588236","2.0141176470588236","56","56","56","2.0141176470588236","2.0141176470588236","2.0141176470588236","865","865","865","","","","","",""
"4290","","","","","","","2.018823529411765","2.018823529411765","2.018823529411765","58","58","58","2.018823529411765","2.018823529411765","2.018823529411765","867","867","867","","","","","",""
"4300","","","","","","","2.023529411764706","2.023529411764706","2.023529411764706","60","60","60","2.023529411764706","2.023529411764706","2.023529411764706","869","869","869","","","","","",""
"4310","","","","","","","2.028235294117647","2.028235294117647","2.028235294117647","62","62","62","2.028235294117647","2.028235294117647","2.028235294117647","871","871","871","","","","","",""
"4320","","","","","","","2.032941176470588","2.032941176470588","2.032941176470588","64","64","64","2.032941176470588","2.032941176470588","2.032941176470588","873","873","873","","","","","",""
"4330","","","","","","","2.0376470588235294","2.0376470588235294","2.0376470588235294","66","66","66","2.0376470588235294","2.0376470588235294","2.0376470588235294","875","875","875","","","","","",""
"4340","","","","","","","2.0423529411764707","2.0423529411764707","2.0423529411764707","68","68","68","2.0423529411764707","2.0423529411764707","2.0423529411764707","877","877","877","","","","","",""
"4350","","","","","","","2.0470588235294116","2.0470588235294116","2.0470588235294116","70","70","70","2.0470588235294116","2.0470588235294116","2.0470588235294116","879","879","879","","","","","",""
"4360","","","","","","","2.051764705882353","2.051764705882353","2.051764705882353","72","72","72","2.051764705882353","2.051764705882353","2.051764705882353","881","881","881","","","","","",""
"4370","","","","","","","2.0564705882352943","2.0564705882352943","2.0564705882352943","74","74","74","2.0564705882352943","2.0564705882352943","2.0564705882352943","883","883","883","","","","","",""
"4380","","","","","","","2.061176470588235","2.061176470588235","2.061176470588235","76","76","76","2.061176470588235","2.061176470588235","2.061176470588235","885","885","885","","","","","",""
"4390","","","","","","","2.0658823529411765","2.0658823529411765","2.0658823529411765","78","78","78","2.0658823529411765","2.0658823529411765","2.0658823529411765","887","887","887","","","","","",""
"4400","","","","","","","2.070588235294118","2.070588235294118","2.070588235294118","80","80","80","2.070588235294118","2.070588235294118","2.070588235294118","889","889","889","","","","","",""
"4410","","","","","","","2.0752941176470587","2.0752941176470587","2.0752941176470587","82","82","82","2.0752941176470587","2.0752941176470587","2.0752941176470587","891","891","891","","","","","",""
"4420","","","","","","","2.08","2.08","2.08","84","84","84","2.08","2.08","2.08","893","893","893","","","","","",""
"4430","","","","","","","2.084705882352941","2.084705882352941","2.084705882352941","86","86","86","2.084705882352941","2.084705882352941","2.084705882352941","895","895","895","","","","","",""
"4440","","","","","","","2.0894117647058823","2.0894117647058823","2.0894117647058823","88","88","88","2.0894117647058823","2.0894117647058823","2.0894117647058823","897","897","897","","","","","",""
"4450","","","","","","","2.0941176470588236","2.0941176470588236","2.0941176470588236","90","90","90","2.0941176470588236","2.0941176470588236","2.0941176470588236","899","899","899","","","","","",""
"4460","","","","","","","2.0988235294117645","2.0988235294117645","2.0988235294117645","92","92","92","2.0988235294117645","2.0988235294117645","2.0988235294117645","901","901","901","","","","","",""
"4470","","","","","","","2.103529411764706","2.103529411764706","2.103529411764706","94","94","94","2.103529411764706","2.103529411764706","2.103529411764706","903","903","903","","","","","",""
"4480","","","","","","","2.108235294117647","2.108235294117647","2.108235294117647","96","96","96","2.108235294117647","2.108235294117647","2.108235294117647","905","905","905","","","","","",""
"4490","","","","","","","2.112941176470588","2.112941176470588","2.112941176470588","98","98","98","2.112941176470588","2.112941176470588","2.112941176470588","907","907","907","","","","","",""
"4500","","","","","","","2.1176470588235294","2.1176470588235294","2.1176470588235294","100.5","100","101","2.1176470588235294","2.1176470588235294","2.1176470588235294","909.5","909","910","","","","","",""
"4510","","","","","","","2.1223529411764708","2.1223529411764708","2.1223529411764708","103","103","103","2.1223529411764708","2.1223529411764708","2.1223529411764708","912","912","912","","","","","",""
"4520","","","","","","","2.1270588235294117","2.1270588235294117","2.1270588235294117","105","105","105","2.1270588235294117","2.1270588235294117","2.1270588235294117","914","914","914","","","","","",""
"4530","","","","","","","2.131764705882353","2.131764705882353","2.131764705882353","107","107","107","2.131764705882353","2.131764705882353","2.131764705882353","916","916","916","","","","","",""
"4540","","","","","","","2.1364705882352943","2.1364705882352943","2.1364705882352943","109","109","109","2.1364705882352943","2.1364705882352943","2.1364705882352943","918","918","918","","","","","",""
"4550","","","","","","","2.1411764705882352","2.1411764705882352","2.1411764705882352","111","111","111","2.1411764705882352","2.1411764705882352","2.1411764705882352","920","920","920","","","","","",""
"4560","","","","","","","2.1458823529411766","2.1458823529411766","2.1458823529411766","113","113","113","2.1458823529411766","2.1458823529411766","2.1458823529411766","922","922","922","","","","","",""
"4570","","","","","","","2.1505882352941175","2.1505882352941175","2.1505882352941175","115","115","115","2.1505882352941175","2.1505882352941175","2.1505882352941175","924","924","924","","","","","",""
"4580","","","","","","","2.155294117647059","2.155294117647059","2.155294117647059","117","117","117","2.155294117647059","2.155294117647059","2.155294117647059","926","926","926","","","","","",""
"4590","","","","","","","2.16","2.16","2.16","119","119","119","2.16","2.16","2.16","928","928","928","","","","","",""
"4600","","","","","","","2.164705882352941","2.164705882352941","2.164705882352941","121","121","121","","","","","","","","","","","",""
"4610","","","","","","","2.1694117647058824","2.1694117647058824","2.1694117647058824","123","123","123","","","","","","","","","","","",""
"4620","","","","","","","2.1741176470588237","2.1741176470588237","2.1741176470588237","125","125","125","","","","","","","","","","","",""
"4630","","","","","","","2.1788235294117646","2.1788235294117646","2.1788235294117646","127","127","127","","","","","","","","","","","",""
"4640","","","","","","","2.183529411764706","2.183529411764706","2.183529411764706","129","129","129","","","","","","","","","","","",""
"4650","","","","","","","2.1882352941176473","2.1882352941176473","2.1882352941176473","131","131","131","","","","","","","","","","","",""
"4660","","","","","","","2.192941176470588","2.192941176470588","2.192941176470588","133","133","133","","","","","","","","","","","",""
"4670","","","","","","","2.1976470588235295","2.1976470588235295","2.1976470588235295","135","135","135","","","","","","","","","","","",""
"4680","","","","","","","2.2023529411764704","2.2023529411764704","2.2023529411764704","137","137","137","","","","","","","","","","","",""
"4690","","","","","","","2.2070588235294117","2.2070588235294117","2.2070588235294117","139","139","139","","","","","","","","","","","",""
"4700","","","","","","","2.211764705882353","2.211764705882353","2.211764705882353","141","141","141","","","","","","","","","","","",""
"4710","","","","","","","2.216470588235294","2.216470588235294","2.216470588235294","143","143","143","","","","","","","","","","","",""
"4720","","","","","","","2.2211764705882353","2.2211764705882353","2.2211764705882353","145","145","145","","","","","","","","","","","",""
"4730","","","","","","","2.2258823529411766","2.2258823529411766","2.2258823529411766","147","147","147","","","","","","","","","","","",""
"4740","","","","","","","2.2305882352941175","2.2305882352941175","2.2305882352941175","149","149","149","","","","","","","","","","","",""
"4750","","","","","","","2.235294117647059","2.235294117647059","2.235294117647059","151","151","151","","","","","","","","","","","",""
"4760","","","","","","","2.24","2.24","2.24","153","153","153","","","","","","","","","","","",""
"4770","","","","","","","2.244705882352941","2.244705882352941","2.244705882352941","155","155","155","","","","","","","","","","","",""
"4780","","","","","","","2.2494117647058824","2.2494117647058824","2.2494117647058824","157","157","157","","","","","","","","","","","",""
"4790","","","","","","","2.2541176470588233","2.2541176470588233","2.2541176470588233","159","159","159","","","","","","","","","","","",""
"4800","","","","","","","2.2588235294117647","2.2588235294117647","2.2588235294117647","161","161","161","","","","","","","","","","","",""
"4810","","","","","","","2.263529411764706","2.263529411764706","2.263529411764706","163","163","163","","","","","","","","","","","",""
"4820","","","","","","","2.268235294117647","2.268235294117647","2.268235294117647","165","165","165","","","","","","","","","","","",""
"4830","","","","","","","2.2729411764705882","2.2729411764705882","2.2729411764705882","167","167","167","","","","","","","","","","","",""
"4840","","","","","","","2.2776470588235296","2.2776470588235296","2.2776470588235296","169","169","169","","","","","","","","","","","",""
"4850","","","","","","","2.2823529411764705","2.2823529411764705","2.2823529411764705","171","171","171","","","","","","","","","","","",""
"4860","","","","","","","2.287058823529412","2.287058823529412","2.287058823529412","173","173","173","","","","","","","","","","","",""
"4870","","","","","","","2.291764705882353","2.291764705882353","2.291764705882353","175","175","175","","","","","","","","","","","",""
"4880","","","","","","","2.296470588235294","2.296470588235294","2.296470588235294","177","177","177","","","","","","","","","","","",""
"4890","","","","","","","2.3011764705882354","2.3011764705882354","2.3011764705882354","179","179","179","","","","","","","","","","","",""
"4900","","","","","","","2.3058823529411763","2.3058823529411763","2.3058823529411763","181","181","181","","","","","","","","","","","",""
"4910","","","","","","","2.3105882352941176","2.3105882352941176","2.3105882352941176","183","183","183","","","","","","","","","","","",""
"4920","","","","","","","2.315294117647059","2.315294117647059","2.315294117647059","185","185","185","","","","","","","","","","","",""
"4930","","","","","","","2.32","2.32","2.32","187","187","187","","","","","","","","","","","",""
"4940","","","","","","","2.324705882352941","2.324705882352941","2.324705882352941","189","189","189","","","","","","","","","","","",""
"4950","","","","","","","2.3294117647058825","2.3294117647058825","2.3294117647058825","191","191","191","","","","","","","","","","","",""
"4960","","","","","","","2.3341176470588234","2.3341176470588234","2.3341176470588234","193","193","193","","","","","","","","","","","",""
"4970","","","","","","","2.3388235294117647","2.3388235294117647","2.3388235294117647","195","195","195","","","","","","","","","","","",""
"4980","","","","","","","2.343529411764706","2.343529411764706","2.343529411764706","197","197","197","","","","","","","","","","","",""
"4990","","","","","","","2.348235294117647","2.348235294117647","2.348235294117647","199","199","199","","","","","","","","","","","",""
"5000","","","","","","","2.3529411764705883","2.3529411764705883","2.3529411764705883","201.5","201","202","","","","","","","","","","","",""
"5010","2.357647058823529","2.357647058823529","2.357647058823529","2","2","2","2.357647058823529","2.357647058823529","2.357647058823529","204","204","204","","","","","","","","","","","",""
"5020","2.3623529411764705","2.3623529411764705","2.3623529411764705","4","4","4","2.3623529411764705","2.3623529411764705","2.3623529411764705","206","206","206","","","","","","","","","","","",""
"5030","2.367058823529412","2.367058823529412","2.367058823529412","6","6","6","2.367058823529412","2.367058823529412","2.367058823529412","208","208","208","","","","","","","","","","","",""
"5040","2.3717647058823528","2.3717647058823528","2.3717647058823528","8","8","8","2.3717647058823528","2.3717647058823528","2.3717647058823528","210","210","210","","","","","","","","","","","",""
"5050","2.376470588235294","2.376470588235294","2.376470588235294","10","10","10","2.376470588235294","2.376470588235294","2.376470588235294","212","212","212","","","","","","","","","","","",""
"5060","2.3811764705882354","2.3811764705882354","2.3811764705882354","12","12","12","2.3811764705882354","2.3811764705882354","2.3811764705882354","214","214","214","","","","","","","","","","","",""
"5070","2.3858823529411763","2.3858823529411763","2.3858823529411763","14","14","14","2.3858823529411763","2.3858823529411763","2.3858823529411763","216","216","216","","","","","","","","","","","",""
"5080","2.3905882352941177","2.3905882352941177","2.3905882352941177","16","16","16","2.3905882352941177","2.3905882352941177","2.3905882352941177","218","218","218","","","","","","","","","","","",""
"5090","2.395294117647059","2.395294117647059","2.395294117647059","18","18","18","2.395294117647059","2.395294117647059","2.395294117647059","220","220","220","","","","","","","","","","","",""
"5100","2.4","2.4","2.4","20","20","20","2.4","2.4","2.4","222","222","222","","","","","","","","","","","",""
"5110","2.4047058823529412","2.4047058823529412","2.4047058823529412","22","22","22","2.4047058823529412","2.4047058823529412","2.4047058823529412","224","224","224","","","","","","","","","","","",""
"5120","2.409411764705882","2.409411764705882","2.409411764705882","24","24","24","2.409411764705882","2.409411764705882","2.409411764705882","226","226","226","","","","","","","","","","","",""
"5130","2.4141176470588235","2.4141176470588235","2.4141176470588235","26","26","26","2.4141176470588235","2.4141176470588235","2.4141176470588235","228","228","228","","","","","","","","","","","",""
"5140","2.418823529411765","2.418823529411765","2.418823529411765","28","28","28","2.418823529411765","2.418823529411765","2.418823529411765","230","230","230","","","","","","","","","","","",""
"5150","2.4235294117647057","2.4235294117647057","2.4235294117647057","30","30","30","2.4235294117647057","2.4235294117647057","2.4235294117647057","232","232","232","","","","","","","","","","","",""
"5160","2.428235294117647","2.428235294117647","2.428235294117647","32","32","32","2.428235294117647","2.428235294117647","2.428235294117647","234","234","234","","","","","","","","","","","",""
"5170","2.4329411764705884","2.4329411764705884","2.4329411764705884","34","34","34","2.4329411764705884","2.4329411764705884","2.4329411764705884","236","236","236","","","","","","","","","","","",""
"5180","2.4376470588235293","2.4376470588235293","2.4376470588235293","36","36","36","2.4376470588235293","2.4376470588235293","2.4376470588235293","238","238","238","","","","","","","","","","","",""
"5190","2.4423529411764706","2.4423529411764706","2.4423529411764706","38","38","38","2.4423529411764706","2.4423529411764706","2.4423529411764706","240","240","240","","","","","","","","","","","",""
"5200","2.447058823529412","2.447058823529412","2.447058823529412","40","40","40","2.447058823529412","2.447058823529412","2.447058823529412","242","242","242","","","","","","","","","","","",""
"5210","2.451764705882353","2.451764705882353","2.451764705882353","42","42","42","2.451764705882353","2.451764705882353","2.451764705882353","244","244","244","","","","","","","","","","","",""
"5220","2.456470588235294","2.456470588235294","2.456470588235294","44","44","44","2.456470588235294","2.456470588235294","2.456470588235294","246","246","246","","","","","","","","","","","",""
"5230","2.461176470588235","2.461176470588235","2.461176470588235","46","46","46","2.461176470588235","2.461176470588235","2.461176470588235","248","248","248","","","","","","","","","","","",""
"5240","2.4658823529411764","2.4658823529411764","2.4658823529411764","48","48","48","2.4658823529411764","2.4658823529411764","2.4658823529411764","250","250","250","","","","","","","","","","","",""
"5250","2.4705882352941178","2.4705882352941178","2.4705882352941178","50","50","50","2.4705882352941178","2.4705882352941178","2.4705882352941178","252","252","252","","","","","","","","","","","",""
"5260","2.4752941176470586","2.4752941176470586","2.4752941176470586","52","52","52","2.4752941176470586","2.4752941176470586","2.4752941176470586","254","254","254","","","","","","","","","","","",""
"5270","2.48","2.48","2.48","54","54","54","2.48","2.48","2.48","256","256","256","","","","","","","","","","","",""
"5280","2.4847058823529413","2.4847058823529413","2.4847058823529413","56","56","56","2.4847058823529413","2.4847058823529413","2.4847058823529413","258","258","258","","","","","","","","","","","",""
"5290","2.489411764705882","2.489411764705882","2.489411764705882","58","58","58","2.489411764705882","2.489411764705882","2.489411764705882","260","260","260","","","","","","","","","","","",""
"5300","2.4941176470588236","2.4941176470588236","2.4941176470588236","60","60","60","2.4941176470588236","2.4941176470588236","2.4941176470588236","262","262","262","","","","","","","","","","","",""
"5310","2.498823529411765","2.498823529411765","2.498823529411765","62","62","62","2.498823529411765","2.498823529411765","2.498823529411765","264","264","264","","","","","","","","","","","",""
"5320","2.503529411764706","2.503529411764706","2.503529411764706","64","64","64","2.503529411764706","2.503529411764706","2.503529411764706","266","266","266","","","","","","","","","","","",""
"5330","2.508235294117647","2.508235294117647","2.508235294117647","66","66","66","2.508235294117647","2.508235294117647","2.508235294117647","268","268","268","","","","","","","","","","","",""
"5340","2.512941176470588","2.512941176470588","2.512941176470588","68","68","68","2.512941176470588","2.512941176470588","2.512941176470588","270","270","270","","","","","","","","","","","",""
"5350","2.5176470588235293","2.5176470588235293","2.5176470588235293","70","70","70","2.5176470588235293","2.5176470588235293","2.5176470588235293","272","272","272","","","","","","","","","","","",""
"5360","2.5223529411764707","2.5223529411764707","2.5223529411764707","72","72","72","2.5223529411764707","2.5223529411764707","2.5223529411764707","274","274","274","","","","","","","","","","","",""
"5370","2.527058823529412","2.527058823529412","2.527058823529412","74","74","74","2.527058823529412","2.527058823529412","2.527058823529412","276","276","276","","","","","","","","","","","",""
"5380","2.531764705882353","2.531764705882353","2.531764705882353","76","76","76","2.531764705882353","2.531764705882353","2.531764705882353","278","278","278","","","","","","","","","","","",""
"5390","2.5364705882352943","2.5364705882352943","2.5364705882352943","78","78","78","2.5364705882352943","2.5364705882352943","2.5364705882352943","280","280","280","","","","","","","","","","","",""
"5400","2.541176470588235","2.541176470588235","2.541176470588235","80","80","80","2.541176470588235","2.541176470588235","2.541176470588235","282","282","282","","","","","","","","","","","",""
"5410","2.5458823529411765","2.5458823529411765","2.5458823529411765","82","82","82","2.5458823529411765","2.5458823529411765","2.5458823529411765","284","284","284","","","","","","","","","","","",""
"5420","2.550588235294118","2.550588235294118","2.550588235294118","84","84","84","2.550588235294118","2.550588235294118","2.550588235294118","286","286","286","","","","","","","","","","","",""
"5430","2.5552941176470587","2.5552941176470587","2.5552941176470587","86","86","86","2.5552941176470587","2.5552941176470587","2.5552941176470587","288","288","288","","","","","","","","","","","",""
"5440","2.56","2.56","2.56","88","88","88","2.56","2.56","2.56","290","290","290","","","","","","","","","","","",""
"5450","2.564705882352941","2.564705882352941","2.564705882352941","90","90","90","2.564705882352941","2.564705882352941","2.564705882352941","292","292","292","","","","","","","","","","","",""
"5460","2.5694117647058823","2.5694117647058823","2.5694117647058823","92","92","92","2.5694117647058823","2.5694117647058823","2.5694117647058823","294","294","294","","","","","","","","","","","",""
"5470","2.5741176470588236","2.5741176470588236","2.5741176470588236","94","94","94","2.5741176470588236","2.5741176470588236","2.5741176470588236","296","296","296","","","","","","","","","","","",""
"5480","2.578823529411765","2.578823529411765","2.578823529411765","96","96","96","2.578823529411765","2.578823529411765","2.578823529411765","298","298","298","","","","","","","","","","","",""
"5490","2.583529411764706","2.583529411764706","2.583529411764706","98","98","98","2.583529411764706","2.583529411764706","2.583529411764706","300","300","300","","","","","","","","","","","",""
"5500","2.588235294117647","2.588235294117647","2.588235294117647","100.5","100","101","2.588235294117647","2.588235294117647","2.588235294117647","302","302","302","","","","","","","","","","","",""
"5510","2.592941176470588","2.592941176470588","2.592941176470588","103","103","103","","","","","","","","","","","","","","","","","",""
"5520","2.5976470588235294","2.5976470588235294","2.5976470588235294","105","105","105","","","","","","","","","","","","","","","","","",""
"5530","2.6023529411764708","2.6023529411764708","2.6023529411764708","107","107","107","","","","","","","","","","","","","","","","","",""
"5540","2.6070588235294117","2.6070588235294117","2.6070588235294117","109","109","109","","","","","","","","","","","","","","","","","",""
"5550","2.611764705882353","2.611764705882353","2.611764705882353","111","111","111","","","","","","","","","","","","","","","","","",""
"5560","2.616470588235294","2.616470588235294","2.616470588235294","113","113","113","","","","","","","","","","","","","","","","","",""
"5570","2.621176470588235","2.621176470588235","2.621176470588235","115","115","115","","","","","","","","","","","","","","","","","",""
"5580","2.6258823529411766","2.6258823529411766","2.6258823529411766","117","117","117","","","","","","","","","","","","","","","","","",""
"5590","2.630588235294118","2.630588235294118","2.630588235294118","119","119","119","","","","","","","","","","","","","","","","","",""
"5600","2.635294117647059","2.635294117647059","2.635294117647059","121","121","121","","","","","","","","","","","","","","","","","",""
"5610","2.64","2.64","2.64","123","123","123","","","","","","","","","","","","","","","","","",""
"5620","2.644705882352941","2.644705882352941","2.644705882352941","125","125","125","","","","","","","","","","","","","","","","","",""
"5630","2.6494117647058824","2.6494117647058824","2.6494117647058824","127","127","127","","","","","","","","","","","","","","","","","",""
"5640","2.6541176470588237","2.6541176470588237","2.6541176470588237","129","129","129","","","","","","","","","","","","","","","","","",""
"5650","2.6588235294117646","2.6588235294117646","2.6588235294117646","131","131","131","","","","","","","","","","","","","","","","","",""
"5660","2.663529411764706","2.663529411764706","2.663529411764706","133","133","133","","","","","","","","","","","","","","","","","",""
"5670","2.668235294117647","2.668235294117647","2.668235294117647","135","135","135","","","","","","","","","","","","","","","","","",""
"5680","2.672941176470588","2.672941176470588","2.672941176470588","137","137","137","","","","","","","","","","","","","","","","","",""
"5690","2.6776470588235295","2.6776470588235295","2.6776470588235295","139","139","139","","","","","","","","","","","","","","","","","",""
"5700","2.682352941176471","2.682352941176471","2.682352941176471","141","141","141","","","","","","","","","","","","","","","","","",""
"5710","2.6870588235294117","2.6870588235294117","2.6870588235294117","143","143","143","","","","","","","","","","","","","","","","","",""
"5720","2.691764705882353","2.691764705882353","2.691764705882353","145","145","145","","","","","","","","","","","","","","","","","",""
"5730","2.696470588235294","2.696470588235294","2.696470588235294","147","147","147","","","","","","","","","","","","","","","","","",""
"5740","2.7011764705882353","2.7011764705882353","2.7011764705882353","149","149","149","","","","","","","","","","","","","","","","","",""
"5750","2.7058823529411766","2.7058823529411766","2.7058823529411766","151","151","151","","","","","","","","","","","","","","","","","",""
"5760","2.7105882352941175","2.7105882352941175","2.7105882352941175","153","153","153","","","","","","","","","","","","","","","","","",""
"5770","2.715294117647059","2.715294117647059","2.715294117647059","155","155","155","","","","","","","","","","","","","","","","","",""
"5780","2.7199999999999998","2.7199999999999998","2.7199999999999998","157","157","157","","","","","","","","","","","","","","","","","",""
"5790","2.724705882352941","2.724705882352941","2.724705882352941","159","159","159","","","","","","","","","","","","","","","","","",""
"5800","2.7294117647058824","2.7294117647058824","2.7294117647058824","161","161","161","","","","","","","","","","","","","","","","","",""
"5810","2.7341176470588238","2.7341176470588238","2.7341176470588238","163","163","163","","","","","","","","","","","","","","","","","",""
"5820","2.7388235294117647","2.7388235294117647","2.7388235294117647","165","165","165","","","","","","","","","","","","","","","","","",""
"5830","2.743529411764706","2.743529411764706","2.743529411764706","167","167","167","","","","","","","","","","","","","","","","","",""
"5840","2.748235294117647","2.748235294117647","2.748235294117647","169","169","169","","","","","","","","","","","","","","","","","",""
"5850","2.7529411764705882","2.7529411764705882","2.7529411764705882","171","171","171","","","","","","","","","","","","","","","","","",""
"5860","2.7576470588235296","2.7576470588235296","2.7576470588235296","173","173","173","","","","","","","","","","","","","","","","","",""
"5870","2.7623529411764705","2.7623529411764705","2.7623529411764705","175","175","175","","","","","","","","","","","","","","","","","",""
"5880","2.767058823529412","2.767058823529412","2.767058823529412","177","177","177","","","","","","","","","","","","","","","","","",""
"5890","2.7717647058823527","2.7717647058823527","2.7717647058823527","179","179","179","","","","","","","","","","","","","","","","","",""
"5900","2.776470588235294","2.776470588235294","2.776470588235294","181","181","181","","","","","","","","","","","","","","","","","",""
"5910","2.7811764705882354","2.7811764705882354","2.7811764705882354","183","183","183","","","","","","","","","","","","","","","","","",""
"5920","2.7858823529411767","2.7858823529411767","2.7858823529411767","185","185","185","","","","","","","","","","","","","","","","","",""
"5930","2.7905882352941176","2.7905882352941176","2.7905882352941176","187","187","187","","","","","","","","","","","","","","","","","",""
"5940","2.795294117647059","2.795294117647059","2.795294117647059","189","189","189","","","","","","","","","","","","","","","","","",""
"5950","2.8","2.8","2.8","191","191","191","","","","","","","","","","","","","","","","","",""
"5960","2.804705882352941","2.804705882352941","2.804705882352941","193","193","193","","","","","","","","","","","","","","","","","",""
"5970","2.8094117647058825","2.8094117647058825","2.8094117647058825","195","195","195","","","","","","","","","","","","","","","","","",""
"5980","2.8141176470588234","2.8141176470588234","2.8141176470588234","197","197","197","","","","","","","","","","","","","","","","","",""
"5990","2.8188235294117647","2.8188235294117647","2.8188235294117647","199","199","199","","","","","","","","","","","","","","","","","",""
"6000","2.8235294117647056","2.8235294117647056","2.8235294117647056","201.5","201","202","","","","","","","","","","","","","","","","","",""
"6010","2.828235294117647","2.828235294117647","2.828235294117647","204","204","204","","","","","","","","","","","","","","","","","",""
"6020","2.8329411764705883","2.8329411764705883","2.8329411764705883","206","206","206","","","","","","","","","","","","","","","","","",""
"6030","2.8376470588235296","2.8376470588235296","2.8376470588235296","208","208","208","","","","","","","","","","","","","","","","","",""
"6040","2.8423529411764705","2.8423529411764705","2.8423529411764705","210","210","210","","","","","","","","","","","","","","","","","",""
"6050","2.847058823529412","2.847058823529412","2.847058823529412","212","212","212","","","","","","","","","","","","","","","","","",""
"6060","2.8517647058823528","2.8517647058823528","2.8517647058823528","214","214","214","","","","","","","","","","","","","","","","","",""
"6070","2.856470588235294","2.856470588235294","2.856470588235294","216","216","216","","","","","","","","","","","","","","","","","",""
"6080","2.8611764705882354","2.8611764705882354","2.8611764705882354","218","218","218","","","","","","","","","","","","","","","","","",""
"6090","2.8658823529411763","2.8658823529411763","2.8658823529411763","220","220","220","","","","","","","","","","","","","","","","","",""
"6100","2.8705882352941177","2.8705882352941177","2.8705882352941177","222","222","222","","","","","","","","","","","","","","","","","",""
"6110","2.8752941176470586","2.8752941176470586","2.8752941176470586","224","224","224","","","","","","","","","","","","","","","","","",""
"6120","2.88","2.88","2.88","226","226","226","","","","","","","","","","","","","","","","","",""
"6130","2.8847058823529412","2.8847058823529412","2.8847058823529412","228","228","228","","","","","","","","","","","","","","","","","",""
"6140","2.8894117647058826","2.8894117647058826","2.8894117647058826","230","230","230","","","","","","","","","","","","","","","","","",""
"6150","2.8941176470588235","2.8941176470588235","2.8941176470588235","232","232","232","","","","","","","","","","","","","","","","","",""
"6160","2.898823529411765","2.898823529411765","2.898823529411765","234","234","234","","","","","","","","","","","","","","","","","",""
"6170","2.9035294117647057","2.9035294117647057","2.9035294117647057","236","236","236","","","","","","","","","","","","","","","","","",""
"6180","2.908235294117647","2.908235294117647","2.908235294117647","238","238","238","","","","","","","","","","","","","","","","","",""
"6190","2.9129411764705884","2.9129411764705884","2.9129411764705884","240","240","240","","","","","","","","","","","","","","","","","",""
"6200","2.9176470588235293","2.9176470588235293","2.9176470588235293","242","242","242","","","","","","","","","","","","","","","","","",""
"6210","2.9223529411764706","2.9223529411764706","2.9223529411764706","244","244","244","","","","","","","","","","","","","","","","","",""
"6220","2.9270588235294115","2.9270588235294115","2.9270588235294115","246","246","246","","","","","","","","","","","","","","","","","",""
"6230","2.931764705882353","2.931764705882353","2.931764705882353","248","248","248","","","","","","","","","","","","","","","","","",""
"6240","2.936470588235294","2.936470588235294","2.936470588235294","250","250","250","","","","","","","","","","","","","","","","","",""
"6250","2.9411764705882355","2.9411764705882355","2.9411764705882355","252","252","252","","","","","","","","","","","","","","","","","",""
"6260","2.9458823529411764","2.9458823529411764","2.9458823529411764","254","254","254","","","","","","","","","","","","","","","","","",""
"6270","2.9505882352941177","2.9505882352941177","2.9505882352941177","256","256","256","","","","","","","","","","","","","","","","","",""
"6280","2.9552941176470586","2.9552941176470586","2.9552941176470586","258","258","258","","","","","","","","","","","","","","","","","",""
"6290","2.96","2.96","2.96","260","260","260","","","","","","","","","","","","","","","","","",""
"6300","2.9647058823529413","2.9647058823529413","2.9647058823529413","262","262","262","","","","","","","","","","","","","","","","","",""
"6310","2.969411764705882","2.969411764705882","2.969411764705882","264","264","264","","","","","","","","","","","","","","","","","",""
"6320","2.9741176470588235","2.9741176470588235","2.9741176470588235","266","266","266","","","","","","","","","","","","","","","","","",""
"6330","2.978823529411765","2.978823529411765","2.978823529411765","268","268","268","","","","","","","","","","","","","","","","","",""
"6340","2.9835294117647058","2.9835294117647058","2.9835294117647058","270","270","270","","","","","","","","","","","","","","","","","",""
"6350","2.988235294117647","2.988235294117647","2.988235294117647","272","272","272","","","","","","","","","","","","","","","","","",""
"6360","2.9929411764705884","2.9929411764705884","2.9929411764705884","274","274","274","","","","","","","","","","","","","","","","","",""
"6370","2.9976470588235293","2.9976470588235293","2.9976470588235293","276","276","276","","","","","","","","","","","","","","","","","",""
"6375","3","3","3","278","277","279","","","","","","","","","","","","","","","","","",""